episode,step,reward,timestamp,cpu_percent,ram_percent,ram_used_gb,ram_available_gb,gpu_util_percent,gpu_mem_used_mb,gpu_mem_total_mb,gpu_mem_percent,content_iteration,content_meta_loss,action
0,0,-5017.43212890625,58.06400656700134,0.0,59.7,9.413463592529297,6.362331390380859,2,1142.5078125,8192.0,13.94662857055664,1,5017.43212890625,-1
0,1,-5655.33154296875,115.2347846031189,0.0,59.4,9.374549865722656,6.4012451171875,0,1143.1328125,8192.0,13.95425796508789,2,5655.33154296875,-1
0,2,-11356.958984375,172.37978839874268,2.8,59.2,9.339012145996094,6.4367828369140625,0,1143.1328125,8192.0,13.95425796508789,3,11356.958984375,-1
0,3,-1759.86474609375,229.76107382774353,1.9,59.3,9.3616943359375,6.414100646972656,0,1143.1328125,8192.0,13.95425796508789,4,1759.86474609375,-1
0,4,-4858.8623046875,287.2853546142578,7.0,59.4,9.368209838867188,6.407585144042969,0,1143.3203125,8192.0,13.956546783447266,5,4858.8623046875,-1
0,5,-17886.97265625,344.7498869895935,12.5,56.3,8.882564544677734,6.893230438232422,0,1143.3203125,8192.0,13.956546783447266,6,17886.97265625,-1
0,6,-37.3292236328125,402.26745414733887,7.1,55.6,8.76397705078125,7.011817932128906,0,1143.3203125,8192.0,13.956546783447266,7,37.3292236328125,-1
0,7,-792.0597534179688,459.34207034111023,0.0,55.2,8.703712463378906,7.07208251953125,0,1100.625,8192.0,13.43536376953125,8,792.0597534179688,-1
0,8,-1740.5548095703125,516.3894336223602,0.0,55.3,8.727741241455078,7.048053741455078,0,1076.6875,8192.0,13.143157958984375,9,1740.5548095703125,-1
0,9,-19899.248046875,573.436464548111,100.0,55.3,8.721519470214844,7.0542755126953125,0,1082.5625,8192.0,13.214874267578125,10,19899.248046875,-1
0,10,-6981.9833984375,631.0106890201569,0.0,55.2,8.716041564941406,7.05975341796875,0,1077.125,8192.0,13.14849853515625,11,6981.9833984375,-1
0,11,-18187.640625,688.143388748169,0.0,55.2,8.709785461425781,7.066009521484375,0,1077.125,8192.0,13.14849853515625,12,18187.640625,-1
0,12,-4122.189453125,745.4685211181641,0.0,55.1,8.692066192626953,7.083728790283203,0,1077.125,8192.0,13.14849853515625,13,4122.189453125,-1
0,13,-239.6895294189453,802.5793874263763,1.1,54.9,8.656532287597656,7.1192626953125,0,1076.125,8192.0,13.13629150390625,14,239.6895294189453,-1
0,14,-21414.845703125,859.7146480083466,0.0,54.6,8.617450714111328,7.158344268798828,0,1076.125,8192.0,13.13629150390625,15,21414.845703125,-1
0,15,-23665.84765625,916.9527366161346,0.8,55.0,8.67154312133789,7.104251861572266,0,1076.125,8192.0,13.13629150390625,16,23665.84765625,-1
0,16,-7591.3017578125,974.631023645401,5.3,55.0,8.672801971435547,7.102993011474609,0,1076.125,8192.0,13.13629150390625,17,7591.3017578125,-1
0,17,-3351.2666015625,1031.5589046478271,0.0,53.7,8.467933654785156,7.307861328125,0,1076.125,8192.0,13.13629150390625,18,3351.2666015625,-1
0,18,-3857.457763671875,1089.4327945709229,0.0,53.8,8.48138427734375,7.294410705566406,0,1076.125,8192.0,13.13629150390625,19,3857.457763671875,-1
0,19,-14263.2333984375,1146.5469110012054,0.0,53.9,8.49643325805664,7.279361724853516,0,1076.125,8192.0,13.13629150390625,20,14263.2333984375,-1
0,20,-1208.7989501953125,1203.8182110786438,0.9,54.3,8.561817169189453,7.213977813720703,0,1076.125,8192.0,13.13629150390625,21,1208.7989501953125,-1
0,21,-43739.328125,1261.0264267921448,0.0,54.1,8.541751861572266,7.234043121337891,0,1076.125,8192.0,13.13629150390625,22,43739.328125,-1
0,22,-6434.2431640625,1318.3758335113525,0.0,53.0,8.366615295410156,7.4091796875,0,1076.125,8192.0,13.13629150390625,23,6434.2431640625,-1
0,23,-2840.5673828125,1375.79092669487,0.0,52.9,8.337898254394531,7.437896728515625,0,1076.125,8192.0,13.13629150390625,24,2840.5673828125,-1
0,24,-8980.1953125,1433.461400270462,9.0,52.8,8.333805084228516,7.441989898681641,2,1076.125,8192.0,13.13629150390625,25,8980.1953125,-1
0,25,-1363.5072021484375,1490.4953944683075,0.0,53.0,8.35971450805664,7.416080474853516,2,1076.125,8192.0,13.13629150390625,26,1363.5072021484375,-1
0,26,-477.0093688964844,1547.671611070633,2.4,52.8,8.322441101074219,7.4533538818359375,0,1076.125,8192.0,13.13629150390625,27,477.0093688964844,-1
0,27,-12698.77734375,1604.9000244140625,10.2,53.8,8.484455108642578,7.291339874267578,0,1076.125,8192.0,13.13629150390625,28,12698.77734375,-1
0,28,-175.09976196289062,1662.4491415023804,0.7,52.5,8.28390884399414,7.491886138916016,0,1076.125,8192.0,13.13629150390625,29,175.09976196289062,-1
0,29,-4419.93017578125,1719.9331398010254,10.4,53.2,8.400394439697266,7.375400543212891,0,1076.125,8192.0,13.13629150390625,30,4419.93017578125,-1
0,30,-8.15429401397705,1777.417121887207,11.1,52.7,8.306480407714844,7.4693145751953125,0,1076.125,8192.0,13.13629150390625,31,8.15429401397705,-1
0,31,-53.02330017089844,1834.9451174736023,14.5,52.6,8.290611267089844,7.4851837158203125,0,1080.8125,8192.0,13.193511962890625,32,53.02330017089844,-1
0,32,-24348.314453125,1892.515174627304,12.6,53.4,8.426509857177734,7.349285125732422,0,1076.125,8192.0,13.13629150390625,33,24348.314453125,-1
0,33,-4342.19775390625,1950.028662443161,6.0,52.3,8.257499694824219,7.5182952880859375,0,1076.125,8192.0,13.13629150390625,34,4342.19775390625,-1
0,34,-25425.2421875,2007.339700460434,0.0,52.4,8.26425552368164,7.511539459228516,0,1076.125,8192.0,13.13629150390625,35,25425.2421875,-1
0,35,-3508.44482421875,2064.8958847522736,0.0,52.1,8.221569061279297,7.554225921630859,0,1076.125,8192.0,13.13629150390625,36,3508.44482421875,-1
0,36,-10.26067066192627,2122.225971698761,0.0,52.1,8.224674224853516,7.551120758056641,0,1076.125,8192.0,13.13629150390625,37,10.26067066192627,-1
0,37,-2241.94970703125,2179.5768122673035,0.0,52.1,8.224597930908203,7.551197052001953,0,1076.125,8192.0,13.13629150390625,38,2241.94970703125,-1
0,38,-11847.4365234375,2236.5858161449432,0.8,52.1,8.2236328125,7.552162170410156,0,1076.125,8192.0,13.13629150390625,39,11847.4365234375,-1
0,39,-9706.638671875,2293.7603344917297,0.0,52.4,8.265144348144531,7.510650634765625,0,1080.125,8192.0,13.18511962890625,40,9706.638671875,-1
0,40,-13050.2080078125,2350.8342027664185,0.0,52.4,8.266990661621094,7.5088043212890625,0,1076.125,8192.0,13.13629150390625,41,13050.2080078125,-1
0,41,-22469.427734375,2408.5145530700684,0.0,51.7,8.150325775146484,7.625469207763672,0,1076.125,8192.0,13.13629150390625,42,22469.427734375,-1
0,42,-2297.478759765625,2465.61572098732,5.9,51.7,8.153629302978516,7.622165679931641,0,1076.125,8192.0,13.13629150390625,43,2297.478759765625,-1
0,43,-1659.8355712890625,2523.197472333908,0.0,51.8,8.17764663696289,7.598148345947266,0,1076.125,8192.0,13.13629150390625,44,1659.8355712890625,-1
0,44,-6115.44091796875,2580.2793459892273,0.0,51.5,8.119037628173828,7.656757354736328,2,1082.0,8192.0,13.2080078125,45,6115.44091796875,-1
0,45,-3075.413330078125,2637.3392672538757,0.0,51.6,8.138500213623047,7.637294769287109,3,1075.25,8192.0,13.1256103515625,46,3075.413330078125,-1
0,46,-13.570719718933105,2694.4546613693237,0.0,51.6,8.144779205322266,7.631015777587891,0,1075.25,8192.0,13.1256103515625,47,13.570719718933105,-1
0,47,-11528.71875,2751.7207565307617,2.1,51.6,8.144378662109375,7.631416320800781,0,1075.25,8192.0,13.1256103515625,48,11528.71875,-1
0,48,-7653.70703125,2809.1485681533813,27.5,49.3,7.782810211181641,7.992984771728516,0,1075.25,8192.0,13.1256103515625,49,7653.70703125,-1
0,49,-1616.7742919921875,2866.735469341278,1.0,49.4,7.7986297607421875,7.977165222167969,0,1075.25,8192.0,13.1256103515625,50,1616.7742919921875,-1
0,50,-2487.55810546875,2923.7775502204895,0.0,49.5,7.80609130859375,7.969703674316406,0,1079.9375,8192.0,13.182830810546875,51,2487.55810546875,-1
0,51,-860.82421875,2981.021956205368,25.0,49.5,7.807472229003906,7.96832275390625,3,1075.25,8192.0,13.1256103515625,52,860.82421875,-1
0,52,-11711.107421875,3038.2783319950104,0.0,50.0,7.889717102050781,7.886077880859375,0,1075.25,8192.0,13.1256103515625,53,11711.107421875,-1
0,53,-25511.564453125,3095.314673423767,0.0,49.9,7.87646484375,7.899394989013672,0,1079.75,8192.0,13.1805419921875,54,25511.564453125,-1
0,54,-22307.197265625,3152.620218038559,0.5,49.9,7.877902984619141,7.897891998291016,0,1075.25,8192.0,13.1256103515625,55,22307.197265625,-1
0,55,-18297.53125,3209.9263446331024,1.8,50.0,7.881374359130859,7.894420623779297,0,1075.25,8192.0,13.1256103515625,56,18297.53125,-1
0,56,-1199.3363037109375,3267.150842189789,0.0,50.0,7.887653350830078,7.888141632080078,0,1075.25,8192.0,13.1256103515625,57,1199.3363037109375,-1
0,57,-14611.7373046875,3324.483143568039,1.0,50.3,7.935314178466797,7.840480804443359,0,1075.4765625,8192.0,13.128376007080078,58,14611.7373046875,-1
0,58,-3976.8193359375,3381.61545753479,0.0,50.1,7.8978729248046875,7.877922058105469,3,1075.4765625,8192.0,13.128376007080078,59,3976.8193359375,-1
0,59,-17021.42578125,3438.6504940986633,1.0,49.4,7.798713684082031,7.977081298828125,2,1075.4765625,8192.0,13.128376007080078,60,17021.42578125,-1
0,60,-24.060283660888672,3496.3112409114838,4.5,49.2,7.758266448974609,8.017528533935547,0,1075.4765625,8192.0,13.128376007080078,61,24.060283660888672,-1
0,61,-936.2161254882812,3553.4415624141693,0.8,49.3,7.773323059082031,8.002471923828125,0,1075.4765625,8192.0,13.128376007080078,62,936.2161254882812,-1
0,62,-2932.573486328125,3611.048803329468,0.0,49.3,7.776226043701172,7.999568939208984,0,1075.4765625,8192.0,13.128376007080078,63,2932.573486328125,-1
0,63,-8616.064453125,3668.1499438285828,0.0,49.8,7.8628997802734375,7.912895202636719,0,1075.4765625,8192.0,13.128376007080078,64,8616.064453125,-1
0,64,-13827.0234375,3725.0930891036987,0.0,49.9,7.873195648193359,7.902599334716797,0,1089.4765625,8192.0,13.299274444580078,65,13827.0234375,-1
0,65,-4207.19775390625,3782.111862182617,0.0,49.8,7.8561248779296875,7.919670104980469,0,1084.3515625,8192.0,13.236713409423828,66,4207.19775390625,-1
0,66,-6816.396484375,3839.5205976963043,2.0,49.8,7.850105285644531,7.925689697265625,0,1076.3515625,8192.0,13.139057159423828,67,6816.396484375,-1
0,67,-7556.1357421875,3896.6623718738556,37.5,49.8,7.8628082275390625,7.912986755371094,0,1076.3515625,8192.0,13.139057159423828,68,7556.1357421875,-1
0,68,-10938.11328125,3954.28501868248,1.5,50.0,7.886138916015625,7.889656066894531,0,1076.3515625,8192.0,13.139057159423828,69,10938.11328125,-1
0,69,-1167.19775390625,4011.2997324466705,0.0,50.0,7.8924560546875,7.883338928222656,0,1076.3515625,8192.0,13.139057159423828,70,1167.19775390625,-1
0,70,-7709.9560546875,4068.399851322174,0.0,50.0,7.8849029541015625,7.890892028808594,3,1076.3515625,8192.0,13.139057159423828,71,7709.9560546875,-1
0,71,-651.3626708984375,4125.517055273056,0.0,50.0,7.893222808837891,7.882572174072266,1,1111.109375,8192.0,13.563346862792969,72,651.3626708984375,-1
0,72,-42333.48828125,4182.715232372284,0.0,50.1,7.89794921875,7.877845764160156,0,1108.109375,8192.0,13.526725769042969,73,42333.48828125,-1
0,73,-1373.1307373046875,4240.169274806976,0.0,50.0,7.894252777099609,7.881542205810547,0,1093.0390625,8192.0,13.342761993408203,74,1373.1307373046875,-1
0,74,-18543.21484375,4297.943866252899,14.6,50.1,7.899410247802734,7.876384735107422,2,1080.9140625,8192.0,13.194751739501953,75,18543.21484375,-1
0,75,-9626.6630859375,4354.962083339691,1.8,49.0,7.735481262207031,8.040313720703125,0,1076.2265625,8192.0,13.137531280517578,76,9626.6630859375,-1
0,76,-13669.052734375,4412.077525615692,0.0,49.2,7.767024993896484,8.008769989013672,3,1076.2265625,8192.0,13.137531280517578,77,13669.052734375,-1
0,77,-4247.197265625,4469.152720689774,0.0,48.8,7.694683074951172,8.081111907958984,0,1076.2265625,8192.0,13.137531280517578,78,4247.197265625,-1
0,78,-6638.55517578125,4526.122483730316,0.0,48.8,7.698570251464844,8.077224731445312,0,1076.2265625,8192.0,13.137531280517578,79,6638.55517578125,-1
0,79,-7903.662109375,4583.665870189667,0.0,48.8,7.697589874267578,8.078205108642578,0,1076.2265625,8192.0,13.137531280517578,80,7903.662109375,-1
0,80,-22384.8359375,4640.737665653229,0.0,48.9,7.706718444824219,8.069076538085938,0,1076.2265625,8192.0,13.137531280517578,81,22384.8359375,-1
0,81,-3899.4755859375,4698.239194869995,4.2,48.9,7.713676452636719,8.062118530273438,0,1076.2265625,8192.0,13.137531280517578,82,3899.4755859375,-1
0,82,-11.146303176879883,4755.342178821564,0.0,48.8,7.696147918701172,8.079647064208984,0,1076.2265625,8192.0,13.137531280517578,83,11.146303176879883,-1
0,83,-3674.132080078125,4812.69042134285,0.0,48.9,7.7217864990234375,8.054008483886719,3,1076.2265625,8192.0,13.137531280517578,84,3674.132080078125,-1
0,84,-25580.125,4869.652245759964,0.0,49.0,7.727500915527344,8.048294067382812,0,1076.2265625,8192.0,13.137531280517578,85,25580.125,-1
0,85,-8847.7255859375,4927.129349708557,0.7,48.6,7.661365509033203,8.114429473876953,0,1076.2265625,8192.0,13.137531280517578,86,8847.7255859375,-1
0,86,-23628.087890625,4984.185906887054,0.0,48.5,7.64398193359375,8.131813049316406,0,1076.2265625,8192.0,13.137531280517578,87,23628.087890625,-1
0,87,-4461.93115234375,5042.0771317481995,0.0,48.6,7.670066833496094,8.105728149414062,0,1080.7265625,8192.0,13.192462921142578,88,4461.93115234375,-1
0,88,-6199.2099609375,5099.801816940308,2.3,54.1,8.541374206542969,7.2344207763671875,7,1250.1015625,8192.0,15.260028839111328,89,6199.2099609375,-1
0,89,-4262.70361328125,5156.663600206375,2.1,53.7,8.46933364868164,7.306461334228516,4,1234.375,8192.0,15.06805419921875,90,4262.70361328125,-1
0,90,-28825.587890625,5213.895447254181,0.0,54.0,8.51279067993164,7.263004302978516,3,1230.375,8192.0,15.01922607421875,91,28825.587890625,-1
0,91,-23046.37890625,5271.058776855469,1.9,54.0,8.520008087158203,7.255786895751953,3,1230.5625,8192.0,15.021514892578125,92,23046.37890625,-1
0,92,-5394.0,5328.436313867569,7.6,54.0,8.516273498535156,7.259521484375,3,1230.5625,8192.0,15.021514892578125,93,5394.0,-1
0,93,-2830.776123046875,5385.635218143463,5.7,54.1,8.529655456542969,7.2461395263671875,3,1230.4375,8192.0,15.019989013671875,94,2830.776123046875,-1
0,94,-5367.75146484375,5442.988981485367,4.0,54.1,8.53948974609375,7.236305236816406,4,1230.5625,8192.0,15.021514892578125,95,5367.75146484375,-1
0,95,-24.731674194335938,5500.345699548721,2.8,54.2,8.54262924194336,7.233165740966797,7,1230.5625,8192.0,15.021514892578125,96,24.731674194335938,-1
0,96,-6576.4287109375,5557.635309457779,2.6,54.4,8.58077621459961,7.195018768310547,3,1230.25,8192.0,15.0177001953125,97,6576.4287109375,-1
0,97,-18188.705078125,5614.668156862259,2.9,54.0,8.51827621459961,7.257518768310547,4,1230.5625,8192.0,15.021514892578125,98,18188.705078125,-1
0,98,-1641.6363525390625,5671.942701101303,1.0,54.0,8.514213562011719,7.2615814208984375,4,1230.5625,8192.0,15.021514892578125,99,1641.6363525390625,-1
0,99,-21759.30078125,5729.277050018311,1.9,54.2,8.544586181640625,7.231208801269531,3,1230.375,8192.0,15.01922607421875,100,21759.30078125,-1
0,100,-6493.49755859375,5786.673508405685,1.9,54.2,8.547412872314453,7.228382110595703,4,1230.5625,8192.0,15.021514892578125,101,6493.49755859375,-1
0,101,-3505.94775390625,5843.834216594696,4.4,54.3,8.568901062011719,7.2068939208984375,6,1230.5625,8192.0,15.021514892578125,102,3505.94775390625,-1
0,102,-2771.426025390625,5900.987921714783,6.2,54.3,8.561336517333984,7.214458465576172,3,1230.5625,8192.0,15.021514892578125,103,2771.426025390625,-1
0,103,-14076.1376953125,5958.071223974228,7.5,54.4,8.585155487060547,7.190639495849609,4,1230.5625,8192.0,15.021514892578125,104,14076.1376953125,-1
0,104,-16534.2734375,6015.483687639236,4.5,54.4,8.578292846679688,7.197502136230469,3,1230.6875,8192.0,15.023040771484375,105,16534.2734375,-1
0,105,-25040.328125,6072.932803153992,5.1,54.4,8.588279724121094,7.1875152587890625,3,1230.5625,8192.0,15.021514892578125,106,25040.328125,-1
0,106,-3194.4228515625,6130.318110942841,2.8,54.8,8.650314331054688,7.125480651855469,4,1230.9375,8192.0,15.026092529296875,107,3194.4228515625,-1
0,107,-7495.759765625,6187.775661230087,1.7,54.2,8.542789459228516,7.233005523681641,3,1230.5625,8192.0,15.021514892578125,108,7495.759765625,-1
0,108,-8134.50146484375,6244.859511852264,2.3,54.3,8.562721252441406,7.21307373046875,3,1230.3125,8192.0,15.018463134765625,109,8134.50146484375,-1
0,109,-33855.51171875,6302.467433452606,3.6,54.2,8.544368743896484,7.231426239013672,6,1230.4375,8192.0,15.019989013671875,110,33855.51171875,-1
0,110,-7345.1865234375,6359.656509637833,3.4,54.2,8.558250427246094,7.2175445556640625,3,1230.5625,8192.0,15.021514892578125,111,7345.1865234375,-1
0,111,-4076.568603515625,6417.365798711777,6.1,54.3,8.560211181640625,7.215583801269531,3,1230.3125,8192.0,15.018463134765625,112,4076.568603515625,-1
0,112,-3869.919921875,6474.409321308136,4.4,53.7,8.469795227050781,7.305999755859375,5,1229.375,8192.0,15.00701904296875,113,3869.919921875,-1
0,113,-4062.70751953125,6531.718213796616,100.0,53.8,8.4814453125,7.294349670410156,3,1229.6875,8192.0,15.010833740234375,114,4062.70751953125,-1
0,114,-17017.353515625,6588.959203481674,9.2,54.4,8.584232330322266,7.191562652587891,5,1229.5625,8192.0,15.009307861328125,115,17017.353515625,-1
0,115,-8983.7255859375,6646.572447538376,2.2,54.2,8.546039581298828,7.229755401611328,4,1229.6875,8192.0,15.010833740234375,116,8983.7255859375,-1
0,116,-8016.77734375,6703.899103403091,1.6,54.2,8.557266235351562,7.218528747558594,3,1229.6875,8192.0,15.010833740234375,117,8016.77734375,-1
0,117,-4286.490234375,6761.701663970947,3.1,54.3,8.558399200439453,7.217395782470703,3,1229.375,8192.0,15.00701904296875,118,4286.490234375,-1
0,118,-16636.693359375,6819.00830245018,2.5,54.3,8.57241439819336,7.203380584716797,4,1229.6875,8192.0,15.010833740234375,119,16636.693359375,-1
0,119,-8378.1826171875,6876.5417721271515,3.3,54.4,8.579704284667969,7.1960906982421875,4,1229.6875,8192.0,15.010833740234375,120,8378.1826171875,-1
0,120,-5868.970703125,6933.955114603043,1.6,54.7,8.635700225830078,7.140094757080078,5,1229.375,8192.0,15.00701904296875,121,5868.970703125,-1
0,121,-6493.5673828125,6991.564011096954,6.7,54.6,8.609031677246094,7.1667633056640625,4,1229.375,8192.0,15.00701904296875,122,6493.5673828125,-1
0,122,-7386.9306640625,7049.059352874756,4.8,54.4,8.576114654541016,7.199680328369141,4,1229.6875,8192.0,15.010833740234375,123,7386.9306640625,-1
0,123,-939.6862182617188,7106.453328132629,5.5,54.5,8.5955810546875,7.180213928222656,5,1230.125,8192.0,15.01617431640625,124,939.6862182617188,-1
0,124,-977.2174682617188,7163.673856019974,5.0,54.6,8.610485076904297,7.165309906005859,3,1229.5625,8192.0,15.009307861328125,125,977.2174682617188,-1
0,125,-14294.509765625,7221.184293985367,4.5,54.6,8.619762420654297,7.156032562255859,3,1229.6875,8192.0,15.010833740234375,126,14294.509765625,-1
0,126,-23787.810546875,7278.696035385132,1.3,55.0,8.668964385986328,7.106830596923828,3,1229.4375,8192.0,15.007781982421875,127,23787.810546875,-1
0,127,-12085.244140625,7336.058881282806,1.2,54.7,8.63174057006836,7.144054412841797,4,1229.375,8192.0,15.00701904296875,128,12085.244140625,-1
0,128,-3748.3701171875,7393.798346042633,10.4,54.4,8.574981689453125,7.200813293457031,3,1229.6875,8192.0,15.010833740234375,129,3748.3701171875,-1
0,129,-13791.22265625,7451.355138063431,1.7,54.5,8.590686798095703,7.185108184814453,3,1229.4375,8192.0,15.007781982421875,130,13791.22265625,-1
0,130,-6064.29736328125,7508.699107408524,1.1,54.7,8.62753677368164,7.148258209228516,3,1229.375,8192.0,15.00701904296875,131,6064.29736328125,-1
0,131,-29061.81640625,7566.259716272354,3.5,54.8,8.648479461669922,7.127315521240234,4,1229.6875,8192.0,15.010833740234375,132,29061.81640625,-1
0,132,-11907.8935546875,7623.650232791901,3.5,54.8,8.637535095214844,7.1382598876953125,3,1229.6875,8192.0,15.010833740234375,133,11907.8935546875,-1
0,133,-35521.6953125,7680.9569182395935,0.5,54.5,8.603496551513672,7.172298431396484,3,1229.6875,8192.0,15.010833740234375,134,35521.6953125,-1
0,134,-18123.857421875,7738.458468437195,2.0,54.7,8.626228332519531,7.149566650390625,4,1229.6875,8192.0,15.010833740234375,135,18123.857421875,-1
0,135,-10733.572265625,7795.552107095718,4.1,54.7,8.631389617919922,7.144405364990234,6,1229.4375,8192.0,15.007781982421875,136,10733.572265625,-1
0,136,-26065.8984375,7852.900819301605,8.0,54.7,8.624916076660156,7.15087890625,3,1229.375,8192.0,15.00701904296875,137,26065.8984375,-1
0,137,-1718.4185791015625,7910.1590938568115,5.1,54.7,8.632953643798828,7.142841339111328,4,1229.6875,8192.0,15.010833740234375,138,1718.4185791015625,-1
0,138,-10819.77734375,7967.6026911735535,3.5,54.7,8.629962921142578,7.145832061767578,3,1229.375,8192.0,15.00701904296875,139,10819.77734375,-1
0,139,-22695.12109375,8024.858412504196,2.1,54.8,8.646282196044922,7.129512786865234,3,1229.375,8192.0,15.00701904296875,140,22695.12109375,-1
0,140,-51511.5234375,8082.5491507053375,9.4,54.8,8.646759033203125,7.129035949707031,6,1229.4375,8192.0,15.007781982421875,141,51511.5234375,-1
0,141,-39932.9609375,8139.966612815857,0.7,54.9,8.65359878540039,7.122196197509766,4,1229.6875,8192.0,15.010833740234375,142,39932.9609375,-1
0,142,-22898.38671875,8197.361087322235,1.7,54.8,8.652217864990234,7.123577117919922,3,1229.6875,8192.0,15.010833740234375,143,22898.38671875,-1
0,143,-58018.2578125,8254.564742803574,6.0,54.8,8.648399353027344,7.1273956298828125,7,1229.4375,8192.0,15.007781982421875,144,58018.2578125,-1
0,144,-19533.703125,8312.064886569977,7.5,54.6,8.616008758544922,7.159782409667969,6,1229.6875,8192.0,15.010833740234375,145,19533.703125,-1
0,145,-13714.37890625,8369.365434408188,4.0,54.7,8.627777099609375,7.148017883300781,3,1229.6875,8192.0,15.010833740234375,146,13714.37890625,-1
0,146,-2906.1923828125,8426.85466337204,5.3,54.9,8.66031265258789,7.115482330322266,4,1229.6875,8192.0,15.010833740234375,147,2906.1923828125,-1
0,147,-5516.541015625,8484.341960906982,3.1,54.7,8.622974395751953,7.152820587158203,3,1229.6875,8192.0,15.010833740234375,148,5516.541015625,-1
0,148,-8707.5234375,8541.645852088928,5.1,54.7,8.626998901367188,7.148796081542969,3,1229.6875,8192.0,15.010833740234375,149,8707.5234375,-1
0,149,-8801.931640625,8599.184971809387,2.8,54.7,8.63571548461914,7.140079498291016,6,1229.6875,8192.0,15.010833740234375,150,8801.931640625,-1
0,150,-3906.502685546875,8656.549324989319,6.3,54.8,8.648399353027344,7.1273956298828125,3,1229.6875,8192.0,15.010833740234375,151,3906.502685546875,-1
0,151,-22610.0078125,8713.845166683197,1.8,54.7,8.62148666381836,7.154308319091797,3,1229.6875,8192.0,15.010833740234375,152,22610.0078125,-1
0,152,-12535.958984375,8770.969923257828,3.1,54.7,8.622917175292969,7.1528778076171875,4,1229.6875,8192.0,15.010833740234375,153,12535.958984375,-1
0,153,-11982.265625,8828.43974661827,2.2,54.7,8.634819030761719,7.1409759521484375,3,1229.6875,8192.0,15.010833740234375,154,11982.265625,-1
0,154,-39232.7265625,8885.777928590775,3.4,54.8,8.638225555419922,7.137569427490234,3,1229.4375,8192.0,15.007781982421875,155,39232.7265625,-1
0,155,-26818.728515625,8943.53339099884,5.3,54.8,8.638603210449219,7.1371917724609375,4,1229.6875,8192.0,15.010833740234375,156,26818.728515625,-1
0,156,-4518.30810546875,9000.974444389343,9.5,54.8,8.643470764160156,7.13232421875,4,1229.6875,8192.0,15.010833740234375,157,4518.30810546875,-1
0,157,-6751.43408203125,9058.578017950058,5.0,54.8,8.641159057617188,7.134635925292969,4,1229.375,8192.0,15.00701904296875,158,6751.43408203125,-1
0,158,-3136.3466796875,9115.761657714844,2.9,54.9,8.653297424316406,7.12249755859375,4,1230.375,8192.0,15.01922607421875,159,3136.3466796875,-1
0,159,-3419.04248046875,9173.153640270233,8.8,54.5,8.594757080078125,7.181037902832031,6,1229.6875,8192.0,15.010833740234375,160,3419.04248046875,-1
0,160,-17043.578125,9230.575231313705,6.5,54.5,8.600288391113281,7.175506591796875,3,1229.6875,8192.0,15.010833740234375,161,17043.578125,-1
0,161,-8333.2421875,9287.968604326248,2.1,54.8,8.637496948242188,7.138298034667969,4,1229.6875,8192.0,15.010833740234375,162,8333.2421875,-1
0,162,-50893.5859375,9345.491251707077,1.3,54.8,8.642261505126953,7.133533477783203,4,1229.6875,8192.0,15.010833740234375,163,50893.5859375,-1
0,163,-14482.0244140625,9402.825801849365,8.8,54.8,8.644695281982422,7.131099700927734,3,1229.6875,8192.0,15.010833740234375,164,14482.0244140625,-1
0,164,-3515.42724609375,9460.203969478607,1.5,54.9,8.657939910888672,7.117855072021484,7,1229.375,8192.0,15.00701904296875,165,3515.42724609375,-1
0,165,-16765.11328125,9517.59591293335,4.7,54.8,8.650211334228516,7.125583648681641,4,1229.6875,8192.0,15.010833740234375,166,16765.11328125,-1
0,166,-24916.9609375,9574.888079166412,1.1,54.8,8.650806427001953,7.124988555908203,3,1229.6875,8192.0,15.010833740234375,167,24916.9609375,-1
0,167,-6448.17626953125,9632.55941438675,4.2,55.0,8.679325103759766,7.096469879150391,4,1229.6875,8192.0,15.010833740234375,168,6448.17626953125,-1
0,168,-10903.7431640625,9689.827133655548,2.4,55.0,8.672313690185547,7.103481292724609,3,1229.6875,8192.0,15.010833740234375,169,10903.7431640625,-1
0,169,-6106.5,9747.251143693924,3.2,55.1,8.688636779785156,7.087158203125,5,1229.6875,8192.0,15.010833740234375,170,6106.5,-1
0,170,-5447.83154296875,9804.74801325798,7.5,54.9,8.659324645996094,7.1164703369140625,3,1229.6875,8192.0,15.010833740234375,171,5447.83154296875,-1
0,171,-16309.06640625,9862.080301761627,3.7,54.8,8.65194320678711,7.123851776123047,3,1229.6875,8192.0,15.010833740234375,172,16309.06640625,-1
0,172,-4882.74609375,9919.428124904633,2.3,54.9,8.66451644897461,7.111278533935547,3,1229.375,8192.0,15.00701904296875,173,4882.74609375,-1
0,173,-5859.931640625,9976.68206334114,11.0,55.0,8.670894622802734,7.104900360107422,4,1229.375,8192.0,15.00701904296875,174,5859.931640625,-1
0,174,-1632.9642333984375,10034.080602169037,4.8,55.0,8.674869537353516,7.100925445556641,3,1229.6875,8192.0,15.010833740234375,175,1632.9642333984375,-1
0,175,-11974.283203125,10091.427743434906,0.0,54.6,8.615306854248047,7.160488128662109,3,1229.375,8192.0,15.00701904296875,176,11974.283203125,-1
0,176,-13055.876953125,10148.859556674957,0.8,54.7,8.62148666381836,7.154308319091797,4,1229.375,8192.0,15.00701904296875,177,13055.876953125,-1
0,177,-28345.361328125,10206.582603216171,7.9,54.9,8.668758392333984,7.107036590576172,3,1229.6875,8192.0,15.010833740234375,178,28345.361328125,-1
0,178,-8414.1201171875,10264.047694921494,8.2,54.9,8.653190612792969,7.1226043701171875,3,1229.4375,8192.0,15.007781982421875,179,8414.1201171875,-1
0,179,-19969.80078125,10321.229001283646,1.0,55.3,8.725940704345703,7.049854278564453,4,1247.1328125,8192.0,15.22378921508789,180,19969.80078125,-1
0,180,-10381.83203125,10378.640605688095,4.2,55.0,8.684467315673828,7.091327667236328,4,1247.3828125,8192.0,15.22684097290039,181,10381.83203125,-1
0,181,-5290.11669921875,10436.006813049316,0.0,55.0,8.684268951416016,7.091526031494141,3,1247.0703125,8192.0,15.223026275634766,182,5290.11669921875,-1
0,182,-10552.462890625,10493.314466714859,1.9,55.5,8.76125717163086,7.014537811279297,6,1247.3828125,8192.0,15.22684097290039,183,10552.462890625,-1
0,183,-10666.59765625,10550.54944896698,8.7,55.2,8.704376220703125,7.071418762207031,3,1247.3828125,8192.0,15.22684097290039,184,10666.59765625,-1
0,184,-9933.23828125,10607.92511343956,2.5,55.3,8.72329330444336,7.052501678466797,3,1247.0703125,8192.0,15.223026275634766,185,9933.23828125,-1
0,185,-2167.28662109375,10665.292584180832,1.4,55.2,8.705375671386719,7.0704193115234375,4,1247.0703125,8192.0,15.223026275634766,186,2167.28662109375,-1
0,186,-36208.3984375,10722.63623714447,5.2,55.2,8.710369110107422,7.065425872802734,4,1247.3828125,8192.0,15.22684097290039,187,36208.3984375,-1
0,187,-25730.97265625,10779.968378782272,23.7,55.6,8.777473449707031,6.998321533203125,3,1247.3828125,8192.0,15.22684097290039,188,25730.97265625,-1
0,188,-7687.373046875,10837.32829284668,2.4,55.6,8.76559829711914,7.010196685791016,5,1247.3828125,8192.0,15.22684097290039,189,7687.373046875,-1
0,189,-26710.46484375,10894.6617269516,8.2,55.3,8.721744537353516,7.054050445556641,4,1247.3828125,8192.0,15.22684097290039,190,26710.46484375,-1
0,190,-56.37342071533203,10951.998094558716,2.3,55.2,8.708728790283203,7.067066192626953,3,1247.0703125,8192.0,15.223026275634766,191,56.37342071533203,-1
0,191,-2966.443359375,11009.171041965485,8.2,54.9,8.668052673339844,7.1077423095703125,4,1247.3828125,8192.0,15.22684097290039,192,2966.443359375,-1
0,192,-3499.627685546875,11066.775091171265,2.2,55.0,8.681076049804688,7.094718933105469,4,1247.3828125,8192.0,15.22684097290039,193,3499.627685546875,-1
0,193,-2074.57470703125,11124.125933885574,7.2,55.2,8.700366973876953,7.075428009033203,3,1247.0703125,8192.0,15.223026275634766,194,2074.57470703125,-1
0,194,-6088.7900390625,11181.454823493958,2.2,55.2,8.708381652832031,7.067413330078125,3,1247.3828125,8192.0,15.22684097290039,195,6088.7900390625,-1
0,195,-7165.49169921875,11238.90268278122,3.4,55.3,8.725517272949219,7.0502777099609375,3,1247.3828125,8192.0,15.22684097290039,196,7165.49169921875,-1
0,196,-1731.6181640625,11296.018447875977,3.1,55.3,8.719715118408203,7.056079864501953,4,1247.3828125,8192.0,15.22684097290039,197,1731.6181640625,-1
0,197,-19703.216796875,11353.202753305435,3.4,55.2,8.7078857421875,7.067909240722656,4,1247.3828125,8192.0,15.22684097290039,198,19703.216796875,-1
0,198,-20335.7578125,11410.517840385437,6.5,55.4,8.73504638671875,7.040748596191406,4,1247.3828125,8192.0,15.22684097290039,199,20335.7578125,-1
0,199,-27185.91015625,11467.857417821884,2.5,55.3,8.724884033203125,7.050910949707031,3,1247.0703125,8192.0,15.223026275634766,200,27185.91015625,-1
0,200,-5869.634765625,11525.364928722382,44.6,56.9,8.978080749511719,6.7977142333984375,14,1156.09375,8192.0,14.112472534179688,201,5869.634765625,-1
0,201,-10403.8095703125,11582.18176817894,7.7,56.1,8.856529235839844,6.9192657470703125,0,1295.6171875,8192.0,15.81563949584961,202,10403.8095703125,-1
0,202,-25056.51171875,11639.33664727211,5.4,57.0,8.995155334472656,6.7806396484375,0,1315.5078125,8192.0,16.05844497680664,203,25056.51171875,-1
0,203,-8277.9404296875,11696.509450674057,3.2,57.0,8.997913360595703,6.777881622314453,3,1303.1640625,8192.0,15.907764434814453,204,8277.9404296875,-1
0,204,-9789.1962890625,11753.758025407791,0.0,55.7,8.78436279296875,6.991432189941406,0,1303.1640625,8192.0,15.907764434814453,205,9789.1962890625,-1
0,205,-3429.396240234375,11811.189046382904,3.1,55.5,8.76016616821289,7.015628814697266,0,1303.1640625,8192.0,15.907764434814453,206,3429.396240234375,-1
0,206,-17055.6171875,11868.720646381378,4.6,55.2,8.716075897216797,7.059719085693359,0,1303.1640625,8192.0,15.907764434814453,207,17055.6171875,-1
0,207,-2476.229736328125,11926.317853689194,0.8,54.2,8.55743408203125,7.218360900878906,0,1303.1640625,8192.0,15.907764434814453,208,2476.229736328125,-1
0,208,-6803.11181640625,11983.191248178482,5.2,54.8,8.651187896728516,7.124607086181641,0,1343.62890625,8192.0,16.40172004699707,209,6803.11181640625,-1
0,209,-44493.43359375,12039.983619689941,0.0,54.7,8.630241394042969,7.1455535888671875,2,1329.19140625,8192.0,16.225481033325195,210,44493.43359375,-1
0,210,-37464.73828125,12097.428682565689,3.3,55.6,8.773212432861328,7.002582550048828,0,1329.19140625,8192.0,16.225481033325195,211,37464.73828125,-1
0,211,-157.06100463867188,12154.602919340134,1.7,55.2,8.701915740966797,7.073879241943359,0,1329.19140625,8192.0,16.225481033325195,212,157.06100463867188,-1
0,212,-8032.48681640625,12211.44253563881,8.4,55.4,8.732330322265625,7.043464660644531,0,1341.78515625,8192.0,16.379213333129883,213,8032.48681640625,-1
0,213,-16293.728515625,12268.274848461151,3.7,62.3,9.82509994506836,5.950695037841797,0,1463.49609375,8192.0,17.86494255065918,214,16293.728515625,-1
0,214,-5828.92724609375,12325.827476501465,7.0,65.0,10.259479522705078,5.516315460205078,0,1478.15234375,8192.0,18.043851852416992,215,5828.92724609375,-1
0,215,-17351.111328125,12383.260627031326,6.2,62.6,9.875980377197266,5.899814605712891,1,1503.15234375,8192.0,18.349027633666992,216,17351.111328125,-1
0,216,-22782.771484375,12441.737312555313,0.0,62.1,9.801055908203125,5.974739074707031,0,1513.40234375,8192.0,18.474149703979492,217,22782.771484375,-1
0,217,-18915.953125,12500.388634443283,0.0,61.4,9.68111801147461,6.094676971435547,0,1513.40234375,8192.0,18.474149703979492,218,18915.953125,-1
0,218,-5198.4306640625,12559.25579547882,0.0,61.3,9.673816680908203,6.101978302001953,0,1513.40234375,8192.0,18.474149703979492,219,5198.4306640625,-1
0,219,-29405.734375,12618.177471399307,0.0,61.3,9.674324035644531,6.101470947265625,1,1513.40234375,8192.0,18.474149703979492,220,29405.734375,-1
0,220,-35833.015625,12676.554010391235,12.4,61.5,9.694854736328125,6.080940246582031,0,1513.40234375,8192.0,18.474149703979492,221,35833.015625,-1
0,221,-20328.07421875,12735.060264825821,1.4,60.5,9.54751205444336,6.228282928466797,0,1513.40234375,8192.0,18.474149703979492,222,20328.07421875,-1
0,222,-9520.9267578125,12793.628180980682,2.0,59.3,9.351081848144531,6.424713134765625,1,1504.91015625,8192.0,18.370485305786133,223,9520.9267578125,-1
0,223,-5491.3271484375,12851.807443141937,1.4,65.4,10.322486877441406,5.45330810546875,0,1485.3359375,8192.0,18.131542205810547,224,5491.3271484375,-1
0,224,-11985.833984375,12909.935715675354,5.6,70.2,11.069084167480469,4.7067108154296875,4,1607.91796875,8192.0,19.627904891967773,225,11985.833984375,-1
0,225,-12764.6201171875,12967.585947751999,12.2,69.2,10.911762237548828,4.863971710205078,3,1620.6640625,8192.0,19.783496856689453,226,12764.6201171875,-1
0,226,-8695.80078125,13025.403503417969,0.8,69.1,10.9012451171875,4.874549865722656,2,1593.0,8192.0,19.44580078125,227,8695.80078125,-1
0,227,-3303.61865234375,13083.688653945923,5.7,69.0,10.888427734375,4.887367248535156,3,1574.9375,8192.0,19.225311279296875,228,3303.61865234375,-1
0,228,-26886.900390625,13142.34559726715,1.2,69.1,10.908027648925781,4.867767333984375,3,1579.21875,8192.0,19.277572631835938,229,26886.900390625,-1
0,229,-28685.98046875,13200.452608823776,4.9,69.2,10.92376708984375,4.852027893066406,2,1582.15625,8192.0,19.313430786132812,230,28685.98046875,-1
0,230,-41652.8828125,13258.818734169006,0.0,69.4,10.943958282470703,4.831836700439453,3,1572.53125,8192.0,19.195938110351562,231,41652.8828125,-1
0,231,-24074.53125,13317.04395365715,2.1,68.3,10.781177520751953,4.994617462158203,5,1596.15625,8192.0,19.484329223632812,232,24074.53125,-1
0,232,-7565.849609375,13374.861697912216,0.0,58.7,9.254390716552734,6.521404266357422,3,1276.47265625,8192.0,15.581941604614258,233,7565.849609375,-1
0,233,-41097.015625,13433.063475370407,0.0,58.8,9.273635864257812,6.502159118652344,0,1315.23046875,8192.0,16.0550594329834,234,41097.015625,-1
0,234,-3512.925048828125,13490.138627767563,0.0,63.3,9.9835205078125,5.792274475097656,0,1437.4375,8192.0,17.546844482421875,235,3512.925048828125,-1
0,235,-22456.51953125,13548.818930149078,0.0,62.8,9.910003662109375,5.865791320800781,0,1432.9296875,8192.0,17.491817474365234,236,22456.51953125,-1
0,236,-15826.6806640625,13607.568832874298,9.3,62.7,9.883583068847656,5.8922119140625,0,1432.9296875,8192.0,17.491817474365234,237,15826.6806640625,-1
0,237,-4175.3759765625,13665.922547340393,0.0,61.5,9.703304290771484,6.072490692138672,0,1432.9296875,8192.0,17.491817474365234,238,4175.3759765625,-1
0,238,-7120.90576171875,13724.794626235962,0.0,61.5,9.70444107055664,6.071353912353516,0,1432.3046875,8192.0,17.484188079833984,239,7120.90576171875,-1
0,239,-31955.015625,13783.485783100128,3.5,61.6,9.711811065673828,6.063983917236328,0,1432.3046875,8192.0,17.484188079833984,240,31955.015625,-1
0,240,-13033.662109375,13841.372797727585,2.1,60.9,9.60751724243164,6.168277740478516,6,1408.33984375,8192.0,17.191648483276367,241,13033.662109375,-1
0,241,-14220.9853515625,13898.376783370972,4.0,60.7,9.581443786621094,6.1943511962890625,5,1408.08984375,8192.0,17.188596725463867,242,14220.9853515625,-1
0,242,-32157.291015625,13955.37289595604,2.3,60.9,9.600696563720703,6.175098419189453,6,1408.08984375,8192.0,17.188596725463867,243,32157.291015625,-1
0,243,-39107.48046875,14012.175073623657,4.3,61.0,9.620620727539062,6.155174255371094,3,1408.40234375,8192.0,17.192411422729492,244,39107.48046875,-1
0,244,-6115.8046875,14069.129739522934,0.0,56.6,8.927947998046875,6.847846984863281,0,1290.37890625,8192.0,15.75169563293457,245,6115.8046875,-1
0,245,-2230.794921875,14126.127570867538,3.2,57.8,9.117431640625,6.658363342285156,2,1295.1328125,8192.0,15.80972671508789,246,2230.794921875,-1
0,246,-4434.373046875,14183.511887788773,11.2,66.2,10.451129913330078,5.324665069580078,2,1353.26953125,8192.0,16.5194034576416,247,4434.373046875,-1
0,247,-4389.63232421875,14241.492859601974,0.9,65.8,10.382881164550781,5.392913818359375,0,1158.98046875,8192.0,14.147710800170898,248,4389.63232421875,-1
0,248,-28975.41015625,14299.647864818573,3.3,65.7,10.368907928466797,5.406887054443359,0,1167.296875,8192.0,14.249229431152344,249,28975.41015625,-1
0,249,-7415.853515625,14357.663132190704,0.0,65.1,10.264656066894531,5.511138916015625,0,1167.296875,8192.0,14.249229431152344,250,7415.853515625,-1
0,250,-29127.78515625,14415.985628128052,3.2,66.2,10.445720672607422,5.330074310302734,13,1196.93359375,8192.0,14.611005783081055,251,29127.78515625,-1
0,251,-15809.271484375,14473.255068063736,0.0,66.3,10.451831817626953,5.323963165283203,0,1198.75,8192.0,14.6331787109375,252,15809.271484375,-1
0,252,-8184.41015625,14530.493030071259,0.0,65.9,10.393619537353516,5.382175445556641,0,1191.78125,8192.0,14.548110961914062,253,8184.41015625,-1
0,253,-10111.28125,14587.583039045334,0.0,65.8,10.381786346435547,5.394008636474609,3,1191.78125,8192.0,14.548110961914062,254,10111.28125,-1
0,254,-15938.806640625,14644.850379943848,5.2,65.7,10.357635498046875,5.418159484863281,0,1191.78125,8192.0,14.548110961914062,255,15938.806640625,-1
0,255,-15232.0302734375,14701.902279376984,7.5,64.1,10.107681274414062,5.668212890625,0,1191.53125,8192.0,14.545059204101562,256,15232.0302734375,-1
0,256,-4408.99755859375,14759.360977888107,3.6,63.9,10.087493896484375,5.688510894775391,0,1191.28125,8192.0,14.542007446289062,257,4408.99755859375,-1
0,257,-10280.5771484375,14816.431086063385,0.3,64.0,10.096733093261719,5.6790618896484375,0,1191.28125,8192.0,14.542007446289062,258,10280.5771484375,-1
0,258,-3428.63671875,14873.509251356125,0.0,63.1,9.961681365966797,5.814113616943359,0,1191.28125,8192.0,14.542007446289062,259,3428.63671875,-1
0,259,-8440.58984375,14930.647391557693,1.4,63.0,9.945384979248047,5.830410003662109,0,1191.28125,8192.0,14.542007446289062,260,8440.58984375,-1
0,260,-9723.998046875,14988.115359544754,3.1,63.1,9.953113555908203,5.822681427001953,0,1191.28125,8192.0,14.542007446289062,261,9723.998046875,-1
0,261,-1051.72509765625,15045.600040435791,7.0,63.1,9.960548400878906,5.81524658203125,0,1191.28125,8192.0,14.542007446289062,262,1051.72509765625,-1
0,262,-16478.271484375,15102.855566263199,0.8,63.2,9.970489501953125,5.805305480957031,0,1190.84375,8192.0,14.536666870117188,263,16478.271484375,-1
0,263,-4838.33056640625,15159.88084435463,0.5,62.1,9.799980163574219,5.9758148193359375,0,1190.84375,8192.0,14.536666870117188,264,4838.33056640625,-1
0,264,-68.69245147705078,15217.063861370087,0.0,62.1,9.8004150390625,5.975379943847656,0,1190.84375,8192.0,14.536666870117188,265,68.69245147705078,-1
0,265,-4168.79052734375,15274.48957157135,0.0,62.1,9.794322967529297,5.981472015380859,0,1190.84375,8192.0,14.536666870117188,266,4168.79052734375,-1
0,266,-4334.0390625,15331.701160907745,0.0,62.4,9.839702606201172,5.936092376708984,0,1190.84375,8192.0,14.536666870117188,267,4334.0390625,-1
0,267,-16276.3974609375,15389.3590528965,0.0,62.3,9.823284149169922,5.952510833740234,2,1190.84375,8192.0,14.536666870117188,268,16276.3974609375,-1
0,268,-41925.6328125,15446.374822854996,0.0,62.3,9.826438903808594,5.9493560791015625,2,1190.84375,8192.0,14.536666870117188,269,41925.6328125,-1
0,269,-46474.24609375,15503.715326070786,4.6,62.2,9.81606674194336,5.959728240966797,0,1190.84375,8192.0,14.536666870117188,270,46474.24609375,-1
0,270,-19492.453125,15560.801905870438,3.8,62.2,9.818279266357422,5.957515716552734,0,1190.84375,8192.0,14.536666870117188,271,19492.453125,-1
0,271,-11234.888671875,15618.127336263657,1.2,62.0,9.783275604248047,5.992519378662109,0,1190.84375,8192.0,14.536666870117188,272,11234.888671875,-1
0,272,-47703.3359375,15675.131424427032,0.8,61.6,9.719047546386719,6.0567474365234375,0,1190.90625,8192.0,14.537429809570312,273,47703.3359375,-1
0,273,-35728.0859375,15732.72848033905,0.0,61.7,9.736186981201172,6.039608001708984,0,1190.90625,8192.0,14.537429809570312,274,35728.0859375,-1
0,274,-1856.3385009765625,15789.770340204239,0.0,61.7,9.734699249267578,6.041095733642578,0,1190.90625,8192.0,14.537429809570312,275,1856.3385009765625,-1
0,275,-1235.6085205078125,15847.178075790405,5.7,61.7,9.739768981933594,6.0360260009765625,0,1190.90625,8192.0,14.537429809570312,276,1235.6085205078125,-1
0,276,-5497.2587890625,15904.21230173111,0.0,61.9,9.77029037475586,6.0055389404296875,0,1190.90625,8192.0,14.537429809570312,277,5497.2587890625,-1
0,277,-15334.9541015625,15961.504661798477,1.0,61.8,9.748638153076172,6.027156829833984,0,1190.90625,8192.0,14.537429809570312,278,15334.9541015625,-1
0,278,-9705.5625,16018.416027069092,0.0,61.8,9.75656509399414,6.019229888916016,0,1190.90625,8192.0,14.537429809570312,279,9705.5625,-1
0,279,-3443.4765625,16075.880353689194,0.0,61.6,9.723045349121094,6.0527496337890625,0,1190.40625,8192.0,14.531326293945312,280,3443.4765625,-1
0,280,-11729.98828125,16132.963571310043,0.0,61.6,9.7176513671875,6.058143615722656,0,1190.40625,8192.0,14.531326293945312,281,11729.98828125,-1
0,281,-55066.29296875,16190.751753807068,0.0,61.6,9.723304748535156,6.052490234375,0,1190.40625,8192.0,14.531326293945312,282,55066.29296875,-1
0,282,-4724.87841796875,16247.769732952118,0.0,61.6,9.711318969726562,6.064476013183594,3,1190.40625,8192.0,14.531326293945312,283,4724.87841796875,-1
0,283,-5057.00537109375,16304.929883480072,0.0,61.6,9.725719451904297,6.050075531005859,0,1190.40625,8192.0,14.531326293945312,284,5057.00537109375,-1
0,284,-4200.95361328125,16362.053807973862,1.8,61.7,9.726871490478516,6.048923492431641,0,1190.40625,8192.0,14.531326293945312,285,4200.95361328125,-1
0,285,-10479.3154296875,16419.45813059807,0.0,61.6,9.725017547607422,6.050777435302734,0,1190.40625,8192.0,14.531326293945312,286,10479.3154296875,-1
0,286,-28416.05859375,16476.953235149384,0.0,61.7,9.738513946533203,6.037281036376953,0,1190.40625,8192.0,14.531326293945312,287,28416.05859375,-1
0,287,-18431.009765625,16534.354030132294,0.0,61.3,9.67510986328125,6.100685119628906,2,1190.40625,8192.0,14.531326293945312,288,18431.009765625,-1
0,288,-20014.986328125,16591.786849975586,4.2,61.9,9.767696380615234,6.008098602294922,0,1217.0625,8192.0,14.856719970703125,289,20014.986328125,-1
0,289,-40.41790771484375,16648.890433311462,0.8,61.6,9.720497131347656,6.0552978515625,2,1212.40625,8192.0,14.799880981445312,290,40.41790771484375,-1
0,290,-23242.564453125,16706.296870708466,4.5,61.4,9.690902709960938,6.084892272949219,0,1204.21875,8192.0,14.699935913085938,291,23242.564453125,-1
0,291,-4502.66845703125,16763.614743709564,7.6,61.5,9.698169708251953,6.077625274658203,0,1204.21875,8192.0,14.699935913085938,292,4502.66845703125,-1
0,292,-20030.705078125,16821.180116415024,4.1,62.7,9.884544372558594,5.891231536865234,0,1204.21875,8192.0,14.699935913085938,293,20030.705078125,-1
0,293,-10909.470703125,16878.58617091179,12.2,65.5,10.332015991210938,5.443778991699219,0,1204.21875,8192.0,14.699935913085938,294,10909.470703125,-1
0,294,-4194.94677734375,16936.07059454918,0.0,65.5,10.326435089111328,5.449359893798828,0,1204.21875,8192.0,14.699935913085938,295,4194.94677734375,-1
0,295,-15631.0947265625,16993.232590436935,0.0,65.4,10.322494506835938,5.453300476074219,0,1204.21875,8192.0,14.699935913085938,296,15631.0947265625,-1
0,296,-37388.48828125,17050.574010133743,0.0,67.2,10.595375061035156,5.180419921875,3,1206.1796875,8192.0,14.723873138427734,297,37388.48828125,-1
0,297,-11224.37890625,17108.18575978279,2.9,56.7,8.938941955566406,6.83685302734375,0,1141.14453125,8192.0,13.929986953735352,298,11224.37890625,-1
0,298,-25470.869140625,17166.098514795303,4.1,59.3,9.362850189208984,6.412944793701172,1,1117.31640625,8192.0,13.639116287231445,299,25470.869140625,-1
0,299,-15592.7509765625,17224.685263633728,6.5,59.2,9.346607208251953,6.429187774658203,8,1174.37890625,8192.0,14.33568000793457,300,15592.7509765625,-1
0,300,-2613.421142578125,17282.14269566536,11.8,62.8,9.903045654296875,5.872749328613281,6,1323.1171875,8192.0,16.15133285522461,301,2613.421142578125,-1
0,301,-9531.2099609375,17339.475737571716,7.7,62.1,9.80417251586914,5.971622467041016,1,1149.38671875,8192.0,14.030599594116211,302,9531.2099609375,-1
0,302,-2219.398193359375,17397.820633888245,6.3,62.6,9.880634307861328,5.895160675048828,1,1119.08984375,8192.0,13.660764694213867,303,2219.398193359375,-1
0,303,-11548.5771484375,17455.36277794838,10.5,64.1,10.108566284179688,5.667228698730469,1,1172.80078125,8192.0,14.316415786743164,304,11548.5771484375,-1
0,304,-25161.880859375,17512.692055225372,0.7,68.6,10.816322326660156,4.95947265625,0,1250.95703125,8192.0,15.270471572875977,305,25161.880859375,-1
0,305,-846.1837158203125,17570.339900016785,4.5,68.4,10.792537689208984,4.983257293701172,10,1232.36328125,8192.0,15.043497085571289,306,846.1837158203125,-1
0,306,-3592.993896484375,17628.20906996727,13.1,64.0,10.094253540039062,5.681541442871094,11,1218.4453125,8192.0,14.873600006103516,307,3592.993896484375,-1
0,307,-4085.697998046875,17686.511438131332,3.1,63.4,10.002761840820312,5.773033142089844,3,1197.4453125,8192.0,14.617252349853516,308,4085.697998046875,-1
0,308,-7869.80859375,17745.3042781353,4.2,62.3,9.833709716796875,5.942085266113281,0,1156.4140625,8192.0,14.116382598876953,309,7869.80859375,-1
0,309,-19.516664505004883,17803.308488368988,0.0,61.9,9.766693115234375,6.009101867675781,0,1156.4140625,8192.0,14.116382598876953,310,19.516664505004883,-1
0,310,-10.912141799926758,17861.440066814423,0.0,61.9,9.759605407714844,6.0161895751953125,0,1156.4140625,8192.0,14.116382598876953,311,10.912141799926758,-1
0,311,-28368.736328125,17919.637128591537,0.0,61.9,9.759632110595703,6.016162872314453,0,1156.4140625,8192.0,14.116382598876953,312,28368.736328125,-1
0,312,-13077.5693359375,17978.04222512245,1.4,61.8,9.746257781982422,6.029537200927734,0,1156.1953125,8192.0,14.113712310791016,313,13077.5693359375,-1
0,313,-16447.23828125,18036.543802022934,0.0,61.0,9.626361846923828,6.149433135986328,0,1156.1953125,8192.0,14.113712310791016,314,16447.23828125,-1
0,314,-4329.42041015625,18094.56427550316,0.0,61.1,9.633831024169922,6.141963958740234,0,1156.1953125,8192.0,14.113712310791016,315,4329.42041015625,-1
0,315,-6692.82373046875,18152.47381711006,0.0,60.8,9.594722747802734,6.181072235107422,0,1156.1953125,8192.0,14.113712310791016,316,6692.82373046875,-1
0,316,-7153.82861328125,18210.43856692314,0.0,60.8,9.590316772460938,6.185478210449219,0,1151.8203125,8192.0,14.060306549072266,317,7153.82861328125,-1
0,317,-20458.912109375,18268.548159599304,1.5,60.9,9.605125427246094,6.1706695556640625,0,1140.609375,8192.0,13.923454284667969,318,20458.912109375,-1
0,318,-19738.96875,18326.716628551483,0.0,61.0,9.617778778076172,6.158016204833984,0,1165.921875,8192.0,14.232444763183594,319,19738.96875,-1
0,319,-11725.5078125,18384.501680850983,0.0,61.0,9.62833023071289,6.147464752197266,1,1146.140625,8192.0,13.990974426269531,320,11725.5078125,-1
0,320,-26994.294921875,18442.81564116478,8.4,61.0,9.626220703125,6.149574279785156,1,1147.015625,8192.0,14.001655578613281,321,26994.294921875,-1
0,321,-29842.498046875,18500.933480978012,0.0,61.0,9.618335723876953,6.157459259033203,1,1172.3359375,8192.0,14.310741424560547,322,29842.498046875,-1
0,322,-12828.033203125,18559.355682849884,0.0,61.0,9.616687774658203,6.159107208251953,0,1140.8046875,8192.0,13.925838470458984,323,12828.033203125,-1
0,323,-1891.009765625,18617.60496687889,0.0,61.0,9.628192901611328,6.147602081298828,0,1140.8046875,8192.0,13.925838470458984,324,1891.009765625,-1
0,324,-21718.19140625,18675.723156690598,0.0,61.0,9.630332946777344,6.1454620361328125,0,1140.8046875,8192.0,13.925838470458984,325,21718.19140625,-1
0,325,-5658.8623046875,18733.335795402527,0.0,61.3,9.663955688476562,6.111839294433594,2,1187.65625,8192.0,14.497756958007812,326,5658.8623046875,-1
0,326,-22226.484375,18790.632260799408,6.9,64.8,10.216106414794922,5.559688568115234,1,1195.71484375,8192.0,14.596128463745117,327,22226.484375,-1
0,327,-23080.22265625,18848.535443782806,1.2,63.9,10.080371856689453,5.695423126220703,0,1233.41796875,8192.0,15.056371688842773,328,23080.22265625,-1
0,328,-1791.6573486328125,18906.29802751541,0.5,64.2,10.124927520751953,5.650867462158203,0,1278.87890625,8192.0,15.61131477355957,329,1791.6573486328125,-1
0,329,-12513.3486328125,18964.297320365906,4.5,63.8,10.065483093261719,5.7103118896484375,1,1259.84765625,8192.0,15.378999710083008,330,12513.3486328125,-1
0,330,-21144.162109375,19022.027443408966,0.0,65.3,10.296798706054688,5.478996276855469,2,1253.171875,8192.0,15.297508239746094,331,21144.162109375,-1
0,331,-38818.171875,19080.27360010147,10.3,64.1,10.11282730102539,5.662967681884766,0,1215.09765625,8192.0,14.832735061645508,332,38818.171875,-1
0,332,-10930.3505859375,19138.316724538803,0.8,64.5,10.179817199707031,5.595977783203125,0,1217.734375,8192.0,14.864921569824219,333,10930.3505859375,-1
0,333,-7508.8642578125,19196.00413250923,6.8,65.8,10.375240325927734,5.400554656982422,3,1201.1953125,8192.0,14.663028717041016,334,7508.8642578125,-1
0,334,-13898.16796875,19254.227128744125,2.1,64.1,10.110984802246094,5.6648101806640625,1,1221.0078125,8192.0,14.90488052368164,335,13898.16796875,-1
0,335,-22785.759765625,19312.52018713951,15.3,65.8,10.38421630859375,5.391578674316406,1,1209.82421875,8192.0,14.768362045288086,336,22785.759765625,-1
0,336,-28502.8984375,19370.310881614685,1.3,64.6,10.191123962402344,5.5846710205078125,0,1181.40234375,8192.0,14.421415328979492,337,28502.8984375,-1
0,337,-20376.65234375,19428.197410821915,1.4,65.5,10.33884048461914,5.436954498291016,1,1204.94921875,8192.0,14.708852767944336,338,20376.65234375,-1
0,338,-3657.4033203125,19485.94072008133,3.3,64.3,10.137123107910156,5.638671875,0,1178.19921875,8192.0,14.382314682006836,339,3657.4033203125,-1
0,339,-4439.080078125,19544.805892944336,16.7,63.5,10.018077850341797,5.757717132568359,0,1198.85546875,8192.0,14.634466171264648,340,4439.080078125,-1
0,340,-40752.5,19604.22669672966,0.0,63.5,10.020183563232422,5.755611419677734,0,1198.85546875,8192.0,14.634466171264648,341,40752.5,-1
0,341,-4196.349609375,19662.729045152664,0.0,64.0,10.095367431640625,5.680427551269531,1,1228.26171875,8192.0,14.993429183959961,342,4196.349609375,-1
0,342,-1934.5546875,19720.77182984352,7.3,63.4,10.00067138671875,5.775123596191406,0,1224.04296875,8192.0,14.941930770874023,343,1934.5546875,-1
0,343,-20470.810546875,19778.519545555115,6.6,65.0,10.253555297851562,5.522239685058594,1,1211.32421875,8192.0,14.786672592163086,344,20470.810546875,-1
0,344,-19278.333984375,19836.624459266663,0.8,65.5,10.336666107177734,5.439128875732422,2,1176.94921875,8192.0,14.367055892944336,345,19278.333984375,-1
0,345,-17959.650390625,19893.95862030983,5.9,66.1,10.42626953125,5.349525451660156,0,1199.3125,8192.0,14.640045166015625,346,17959.650390625,-1
0,346,-38504.296875,19952.016361236572,1.2,64.9,10.237712860107422,5.538082122802734,1,1210.48828125,8192.0,14.776468276977539,347,38504.296875,-1
0,347,-24929.453125,20009.87055182457,3.8,65.1,10.262458801269531,5.513336181640625,1,1202.98828125,8192.0,14.684915542602539,348,24929.453125,-1
0,348,-23561.40234375,20068.212615013123,3.2,65.2,10.28670883178711,5.489086151123047,3,1202.67578125,8192.0,14.681100845336914,349,23561.40234375,-1
0,349,-3598.689208984375,20125.873573303223,0.8,65.0,10.256938934326172,5.518856048583984,1,1228.70703125,8192.0,14.998865127563477,350,3598.689208984375,-1
0,350,-16816.06640625,20183.540456533432,3.7,64.6,10.1881103515625,5.587684631347656,1,1229.95703125,8192.0,15.014123916625977,351,16816.06640625,-1
0,351,-35670.12890625,20241.121368408203,4.8,64.7,10.208106994628906,5.56768798828125,1,1212.17578125,8192.0,14.797067642211914,352,35670.12890625,-1
0,352,-50409.41015625,20299.087356090546,0.6,64.5,10.178451538085938,5.597343444824219,1,1205.23828125,8192.0,14.712381362915039,353,50409.41015625,-1
0,353,-6765.75927734375,20356.888315200806,4.3,64.8,10.217342376708984,5.558452606201172,1,1206.11328125,8192.0,14.723062515258789,354,6765.75927734375,-1
0,354,-886.4146728515625,20415.004777908325,3.2,65.0,10.24826431274414,5.527530670166016,1,1205.92578125,8192.0,14.720773696899414,355,886.4146728515625,-1
0,355,-8538.37109375,20472.72521829605,3.0,64.3,10.149410247802734,5.626384735107422,4,1204.73828125,8192.0,14.706277847290039,356,8538.37109375,-1
0,356,-24634.4453125,20530.112834215164,6.2,64.9,10.245002746582031,5.530792236328125,0,1257.3046875,8192.0,15.347957611083984,357,24634.4453125,-1
0,357,-38318.25,20587.870839834213,1.4,66.4,10.474517822265625,5.301277160644531,0,1262.80078125,8192.0,15.415048599243164,358,38318.25,-1
0,358,-23465.0625,20645.53604221344,8.8,69.1,10.908920288085938,4.866874694824219,1,1267.07421875,8192.0,15.467214584350586,359,23465.0625,-1
0,359,-7288.59130859375,20703.218905210495,2.0,68.4,10.78573989868164,4.990055084228516,4,1222.20703125,8192.0,14.919519424438477,360,7288.59130859375,-1
0,360,-12900.6337890625,20761.55070066452,5.1,68.1,10.746654510498047,5.029140472412109,1,1222.20703125,8192.0,14.919519424438477,361,12900.6337890625,-1
0,361,-2696.31103515625,20818.935124397278,8.5,71.9,11.340106964111328,4.435688018798828,3,1304.87890625,8192.0,15.92869758605957,362,2696.31103515625,-1
0,362,-13011.451171875,20876.044882535934,7.0,70.8,11.170822143554688,4.604972839355469,2,1253.0859375,8192.0,15.296459197998047,363,13011.451171875,-1
0,363,-23565.544921875,20933.744529247284,2.5,71.1,11.220458984375,4.555335998535156,4,1254.3359375,8192.0,15.311717987060547,364,23565.544921875,-1
0,364,-1946.9580078125,20991.407581806183,1.7,71.0,11.204097747802734,4.571697235107422,2,1250.2734375,8192.0,15.262126922607422,365,1946.9580078125,-1
0,365,-2349.33837890625,21049.33350634575,8.2,71.0,11.197120666503906,4.57867431640625,2,1242.0234375,8192.0,15.161418914794922,366,2349.33837890625,-1
0,366,-15602.19921875,21107.215921401978,3.2,71.1,11.212993621826172,4.562801361083984,2,1242.0859375,8192.0,15.162181854248047,367,15602.19921875,-1
0,367,-27822.248046875,21165.310465574265,3.8,70.3,11.090869903564453,4.684925079345703,4,1242.1484375,8192.0,15.162944793701172,368,27822.248046875,-1
0,368,-43334.67578125,21222.864686250687,100.0,67.4,10.639877319335938,5.135936737060547,2,1279.7109375,8192.0,15.621471405029297,369,43334.67578125,-1
0,369,-14656.2099609375,21280.606268167496,6.0,68.3,10.773468017578125,5.002326965332031,2,1258.11328125,8192.0,15.357828140258789,370,14656.2099609375,-1
0,370,-25992.609375,21338.869348526,1.7,68.3,10.771026611328125,5.004768371582031,2,1254.36328125,8192.0,15.312051773071289,371,25992.609375,-1
0,371,-1894.0692138671875,21396.92006468773,4.6,68.0,10.722332000732422,5.053462982177734,10,1301.92578125,8192.0,15.892648696899414,372,1894.0692138671875,-1
0,372,-24297.482421875,21455.00817298889,1.2,67.4,10.637306213378906,5.13848876953125,1,1270.8984375,8192.0,15.513896942138672,373,24297.482421875,-1
0,373,-55822.34765625,21512.940720796585,18.2,68.0,10.730022430419922,5.045772552490234,1,1271.0859375,8192.0,15.516185760498047,374,55822.34765625,-1
0,374,-24598.63671875,21570.503782749176,9.2,68.3,10.767932891845703,5.007862091064453,0,1332.8125,8192.0,16.269683837890625,375,24598.63671875,-1
0,375,-20358.98046875,21628.327515125275,2.2,58.8,9.273651123046875,6.502143859863281,2,1221.18359375,8192.0,14.907026290893555,376,20358.98046875,-1
0,376,-9480.3408203125,21686.423065662384,2.9,58.7,9.256881713867188,6.518913269042969,0,1210.12109375,8192.0,14.77198600769043,377,9480.3408203125,-1
0,377,-36603.26171875,21744.459625959396,3.8,58.2,9.183971405029297,6.591823577880859,0,1210.12109375,8192.0,14.77198600769043,378,36603.26171875,-1
0,378,-16250.69140625,21802.531478643417,1.7,58.2,9.176719665527344,6.5990753173828125,0,1210.12109375,8192.0,14.77198600769043,379,16250.69140625,-1
0,379,-4488.4267578125,21860.58374452591,8.5,58.2,9.174911499023438,6.600883483886719,0,1210.12109375,8192.0,14.77198600769043,380,4488.4267578125,-1
0,380,-14978.87890625,21918.684226989746,0.0,58.5,9.227550506591797,6.548244476318359,0,1210.12109375,8192.0,14.77198600769043,381,14978.87890625,-1
0,381,-210.12765502929688,21976.83905649185,0.0,58.3,9.200328826904297,6.575466156005859,0,1210.12109375,8192.0,14.77198600769043,382,210.12765502929688,-1
0,382,-8342.734375,22034.757444381714,0.4,58.3,9.189933776855469,6.5858612060546875,0,1210.12109375,8192.0,14.77198600769043,383,8342.734375,-1
0,383,-19011.09375,22092.778506040573,1.6,58.3,9.189559936523438,6.586235046386719,0,1210.12109375,8192.0,14.77198600769043,384,19011.09375,-1
0,384,-4695.95703125,22150.574486732483,0.0,58.3,9.201187133789062,6.574607849121094,0,1210.12109375,8192.0,14.77198600769043,385,4695.95703125,-1
0,385,-14540.861328125,22208.768479824066,2.2,58.4,9.208160400390625,6.567634582519531,0,1210.12109375,8192.0,14.77198600769043,386,14540.861328125,-1
0,386,-8786.8447265625,22266.89795088768,2.0,58.3,9.200580596923828,6.575214385986328,0,1209.87109375,8192.0,14.76893424987793,387,8786.8447265625,-1
0,387,-5074.9140625,22325.224160909653,11.4,58.3,9.199138641357422,6.576656341552734,0,1209.62109375,8192.0,14.76588249206543,388,5074.9140625,-1
0,388,-12280.279296875,22383.26064515114,0.0,58.4,9.213249206542969,6.5625457763671875,0,1209.62109375,8192.0,14.76588249206543,389,12280.279296875,-1
0,389,-44138.5390625,22441.632618188858,4.4,58.6,9.244495391845703,6.531299591064453,1,1209.62109375,8192.0,14.76588249206543,390,44138.5390625,-1
0,390,-10361.875,22500.07022190094,100.0,58.5,9.233360290527344,6.5424346923828125,0,1209.62109375,8192.0,14.76588249206543,391,10361.875,-1
0,391,-13883.287109375,22558.06053519249,0.0,58.7,9.25973892211914,6.516056060791016,0,1209.62109375,8192.0,14.76588249206543,392,13883.287109375,-1
0,392,-9909.8017578125,22615.820094823837,9.4,58.0,9.142509460449219,6.6332855224609375,0,1209.62109375,8192.0,14.76588249206543,393,9909.8017578125,-1
0,393,-8262.0791015625,22673.860207796097,1.1,58.0,9.145435333251953,6.630359649658203,0,1209.62109375,8192.0,14.76588249206543,394,8262.0791015625,-1
0,394,-16746.15234375,22731.929418563843,0.0,58.4,9.217037200927734,6.558757781982422,0,1209.62109375,8192.0,14.76588249206543,395,16746.15234375,-1
0,395,-17631.767578125,22789.75125026703,2.4,58.5,9.224365234375,6.551429748535156,2,1209.62109375,8192.0,14.76588249206543,396,17631.767578125,-1
0,396,-54772.8203125,22847.60869717598,0.0,58.3,9.196880340576172,6.578914642333984,0,1209.62109375,8192.0,14.76588249206543,397,54772.8203125,-1
0,397,-24234.453125,22905.82528614998,0.0,58.3,9.193870544433594,6.5819244384765625,0,1209.62109375,8192.0,14.76588249206543,398,24234.453125,-1
0,398,-14762.3828125,22963.91932463646,0.0,58.3,9.199546813964844,6.5762481689453125,0,1209.62109375,8192.0,14.76588249206543,399,14762.3828125,-1
0,399,-35068.33203125,23022.327926635742,2.2,58.4,9.20962142944336,6.566173553466797,0,1209.62109375,8192.0,14.76588249206543,400,35068.33203125,-1
0,400,-20569.19921875,23080.54747390747,3.5,58.5,9.228023529052734,6.547771453857422,0,1209.62109375,8192.0,14.76588249206543,401,20569.19921875,-1
0,401,-6206.150390625,23138.78901219368,0.5,58.4,9.220417022705078,6.555377960205078,0,1209.62109375,8192.0,14.76588249206543,402,6206.150390625,-1
0,402,-28590.568359375,23196.862817764282,2.7,58.6,9.250579833984375,6.525215148925781,2,1209.62109375,8192.0,14.76588249206543,403,28590.568359375,-1
0,403,-8757.0927734375,23254.661874771118,17.5,58.2,9.184638977050781,6.591156005859375,1,1197.34375,8192.0,14.616012573242188,404,8757.0927734375,-1
0,404,-24280.416015625,23313.115575313568,26.0,58.1,9.162433624267578,6.613361358642578,0,1229.78125,8192.0,15.011978149414062,405,24280.416015625,-1
0,405,-9167.158203125,23371.25954580307,2.2,58.0,9.149711608886719,6.6260833740234375,0,1229.78125,8192.0,15.011978149414062,406,9167.158203125,-1
0,406,-37869.9453125,23429.38016104698,1.2,58.1,9.166213989257812,6.609580993652344,0,1229.78125,8192.0,15.011978149414062,407,37869.9453125,-1
0,407,-65827.8984375,23487.25457262993,13.5,58.3,9.196846008300781,6.578948974609375,2,1243.2890625,8192.0,15.176868438720703,408,65827.8984375,-1
0,408,-27786.55078125,23545.062529563904,0.8,57.9,9.130599975585938,6.645195007324219,1,1176.24609375,8192.0,14.35847282409668,409,27786.55078125,-1
0,409,-37932.62109375,23602.61665201187,20.0,59.4,9.363643646240234,6.412151336669922,1,1313.08984375,8192.0,16.028928756713867,410,37932.62109375,-1
0,410,-22070.306640625,23660.628695487976,2.2,59.3,9.35598373413086,6.419811248779297,1,1215.46484375,8192.0,14.837217330932617,411,22070.306640625,-1
0,411,-14271.203125,23718.15022301674,0.0,59.5,9.390804290771484,6.384990692138672,2,1224.51171875,8192.0,14.947652816772461,412,14271.203125,-1
0,412,-14977.15625,23775.850724697113,9.9,58.9,9.298904418945312,6.476890563964844,1,1179.18359375,8192.0,14.394330978393555,413,14977.15625,-1
0,413,-8517.7314453125,23833.77601671219,4.5,58.9,9.287288665771484,6.488506317138672,1,1171.55859375,8192.0,14.301252365112305,414,8517.7314453125,-1
0,414,-9415.3974609375,23891.712929725647,2.2,58.9,9.289287567138672,6.486507415771484,1,1198.43359375,8192.0,14.629316329956055,415,9415.3974609375,-1
0,415,-19142.830078125,23949.691896915436,3.2,59.0,9.309616088867188,6.466178894042969,1,1171.55859375,8192.0,14.301252365112305,416,19142.830078125,-1
0,416,-46145.4140625,24007.51295685768,6.2,59.4,9.376274108886719,6.3995208740234375,7,1295.41015625,8192.0,15.813112258911133,417,46145.4140625,-1
0,417,-22797.125,24065.05111670494,1.5,59.0,9.302833557128906,6.47296142578125,0,1261.50390625,8192.0,15.39921760559082,418,22797.125,-1
0,418,-22899.900390625,24122.596499204636,0.0,58.9,9.288734436035156,6.487060546875,2,1249.44140625,8192.0,15.251970291137695,419,22899.900390625,-1
0,419,-16286.666015625,24179.795459985733,0.0,58.3,9.204185485839844,6.5716094970703125,0,1249.44140625,8192.0,15.251970291137695,420,16286.666015625,-1
0,420,-7307.08447265625,24237.038186073303,1.3,58.2,9.182064056396484,6.593730926513672,0,1249.44140625,8192.0,15.251970291137695,421,7307.08447265625,-1
0,421,-7015.23193359375,24294.134443044662,0.0,58.2,9.176345825195312,6.599449157714844,0,1245.56640625,8192.0,15.204668045043945,422,7015.23193359375,-1
0,422,-5814.28564453125,24351.501059532166,0.0,58.2,9.186298370361328,6.589496612548828,0,1245.56640625,8192.0,15.204668045043945,423,5814.28564453125,-1
0,423,-9797.7763671875,24408.617177963257,0.0,58.2,9.185997009277344,6.5897979736328125,3,1245.56640625,8192.0,15.204668045043945,424,9797.7763671875,-1
0,424,-7738.87353515625,24466.17440009117,0.9,58.2,9.182830810546875,6.592964172363281,0,1245.56640625,8192.0,15.204668045043945,425,7738.87353515625,-1
0,425,-5653.517578125,24523.134402275085,0.0,58.1,9.169097900390625,6.606697082519531,0,1245.56640625,8192.0,15.204668045043945,426,5653.517578125,-1
0,426,-6723.7275390625,24580.45579314232,0.0,58.2,9.17697525024414,6.598819732666016,0,1245.56640625,8192.0,15.204668045043945,427,6723.7275390625,-1
0,427,-12713.0283203125,24637.72036576271,0.0,58.5,9.233291625976562,6.542503356933594,3,1245.56640625,8192.0,15.204668045043945,428,12713.0283203125,-1
0,428,-15743.232421875,24695.123550653458,0.0,58.5,9.234954833984375,6.540840148925781,0,1245.56640625,8192.0,15.204668045043945,429,15743.232421875,-1
0,429,-4084.43115234375,24752.528856039047,2.4,58.5,9.235038757324219,6.5407562255859375,1,1291.76953125,8192.0,15.768671035766602,430,4084.43115234375,-1
0,430,-38588.55078125,24811.090995311737,4.7,55.4,8.743831634521484,7.031963348388672,0,1221.08984375,8192.0,14.905881881713867,431,38588.55078125,-1
0,431,-16834.94140625,24870.43029665947,7.0,56.5,8.917449951171875,6.858345031738281,8,1299.5078125,8192.0,15.86313247680664,432,16834.94140625,-1
0,432,-34709.61328125,24927.754732370377,12.9,56.6,8.935035705566406,6.84075927734375,0,1273.953125,8192.0,15.551185607910156,433,34709.61328125,-1
0,433,-35410.3046875,24988.385325431824,3.1,55.8,8.809379577636719,6.9664154052734375,1,1176.31640625,8192.0,14.359331130981445,434,35410.3046875,-1
0,434,-9107.9765625,25047.117765903473,8.7,55.8,8.80599594116211,6.969799041748047,1,1172.12890625,8192.0,14.30821418762207,435,9107.9765625,-1
0,435,-12335.095703125,25108.16993355751,3.0,55.4,8.73196792602539,7.043827056884766,9,1182.81640625,8192.0,14.438676834106445,436,12335.095703125,-1
0,436,-5650.35693359375,25166.37619113922,6.9,56.0,8.830440521240234,6.945919036865234,3,1170.44140625,8192.0,14.287614822387695,437,5650.35693359375,-1
0,437,-4489.38916015625,25226.974269628525,3.6,55.6,8.770729064941406,7.00506591796875,1,1170.44140625,8192.0,14.287614822387695,438,4489.38916015625,-1
0,438,-3221.99267578125,25286.572555303574,6.4,55.6,8.775657653808594,7.0001373291015625,1,1170.44140625,8192.0,14.287614822387695,439,3221.99267578125,-1
0,439,-21881.970703125,25347.94905257225,1.6,55.6,8.764434814453125,7.011360168457031,1,1170.44140625,8192.0,14.287614822387695,440,21881.970703125,-1
0,440,-1815.9306640625,25407.860334396362,6.5,55.7,8.79388427734375,6.981910705566406,3,1170.44140625,8192.0,14.287614822387695,441,1815.9306640625,-1
0,441,-41232.71875,25468.05792403221,100.0,55.8,8.796253204345703,6.979541778564453,1,1170.44140625,8192.0,14.287614822387695,442,41232.71875,-1
0,442,-2402.73681640625,25527.897314310074,2.2,55.9,8.816192626953125,6.959602355957031,1,1170.44140625,8192.0,14.287614822387695,443,2402.73681640625,-1
0,443,-3546.75732421875,25586.38988161087,7.8,56.2,8.862892150878906,6.91290283203125,3,1196.34375,8192.0,14.603805541992188,444,3546.75732421875,-1
0,444,-14702.435546875,25647.59812450409,2.5,55.8,8.807540893554688,6.968254089355469,1,1196.34375,8192.0,14.603805541992188,445,14702.435546875,-1
0,445,-84086.125,25706.9000313282,6.5,56.0,8.832195281982422,6.943599700927734,3,1196.34375,8192.0,14.603805541992188,446,84086.125,-1
0,446,-6018.36474609375,25768.00105857849,2.4,56.1,8.84970474243164,6.926090240478516,1,1196.34375,8192.0,14.603805541992188,447,6018.36474609375,-1
0,447,-17566.78515625,25828.74691104889,61.1,56.4,8.898017883300781,6.877777099609375,1,1196.34375,8192.0,14.603805541992188,448,17566.78515625,-1
0,448,-20398.69921875,25887.454548835754,4.2,55.9,8.815444946289062,6.960350036621094,1,1196.34375,8192.0,14.603805541992188,449,20398.69921875,-1
0,449,-20082.6875,25947.911162376404,0.8,55.6,8.772632598876953,7.003162384033203,1,1196.34375,8192.0,14.603805541992188,450,20082.6875,-1
0,450,-7611.05908203125,26007.76589035988,16.4,55.8,8.79937744140625,6.976417541503906,1,1196.34375,8192.0,14.603805541992188,451,7611.05908203125,-1
0,451,-21020.04296875,26068.446256875992,2.7,55.8,8.80923843383789,6.966556549072266,3,1233.78125,8192.0,15.060806274414062,452,21020.04296875,-1
0,452,-11918.251953125,26127.21716761589,6.1,56.0,8.835960388183594,6.9398345947265625,0,1241.96875,8192.0,15.160751342773438,453,11918.251953125,-1
0,453,-12861.0283203125,26188.046654462814,1.6,55.8,8.804512023925781,6.971282958984375,1,1235.15625,8192.0,15.077590942382812,454,12861.0283203125,-1
0,454,-4396.9619140625,26246.270795345306,7.2,56.0,8.830547332763672,6.945247650146484,1,1235.15625,8192.0,15.077590942382812,455,4396.9619140625,-1
0,455,-1747.619384765625,26307.882704734802,5.3,56.0,8.830780029296875,6.945014953613281,1,1235.15625,8192.0,15.077590942382812,456,1747.619384765625,-1
0,456,-18785.470703125,26367.23699450493,2.1,56.1,8.844482421875,6.931312561035156,1,1235.15625,8192.0,15.077590942382812,457,18785.470703125,-1
0,457,-1887.23388671875,26427.05550956726,4.2,56.1,8.85488510131836,6.920909881591797,1,1235.15625,8192.0,15.077590942382812,458,1887.23388671875,-1
0,458,-3315.534423828125,26486.313264131546,7.7,56.0,8.83108901977539,6.944705963134766,1,1235.15625,8192.0,15.077590942382812,459,3315.534423828125,-1
0,459,-21467.822265625,26547.042710781097,1.8,55.9,8.812923431396484,6.962871551513672,3,1235.15625,8192.0,15.077590942382812,460,21467.822265625,-1
0,460,-28367.099609375,26605.558821439743,6.1,56.0,8.83432388305664,6.941471099853516,2,1235.15625,8192.0,15.077590942382812,461,28367.099609375,-1
0,461,-21956.98828125,26666.53599023819,7.6,55.9,8.813308715820312,6.962486267089844,1,1235.15625,8192.0,15.077590942382812,462,21956.98828125,-1
0,462,-12232.83203125,26726.441900730133,10.7,56.0,8.833015441894531,6.942588806152344,1,1235.15625,8192.0,15.077590942382812,463,12232.83203125,-1
0,463,-4207.47802734375,26786.60698723793,1.4,55.5,8.756481170654297,7.019313812255859,1,1235.15625,8192.0,15.077590942382812,464,4207.47802734375,-1
0,464,-28503.275390625,26846.588532447815,3.6,55.7,8.788341522216797,6.987453460693359,0,1235.15625,8192.0,15.077590942382812,465,28503.275390625,-1
0,465,-22333.458984375,26909.85623574257,5.1,55.6,8.776996612548828,6.998798370361328,2,1235.15625,8192.0,15.077590942382812,466,22333.458984375,-1
0,466,-34362.265625,26968.525576114655,7.4,56.0,8.835289001464844,6.9403228759765625,1,1247.4375,8192.0,15.227508544921875,467,34362.265625,-1
0,467,-21826.99609375,27029.742676496506,23.8,56.0,8.826915740966797,6.948879241943359,1,1247.4375,8192.0,15.227508544921875,468,21826.99609375,-1
0,468,-13823.859375,27089.696024656296,100.0,56.0,8.841609954833984,6.934185028076172,1,1247.4375,8192.0,15.227508544921875,469,13823.859375,-1
0,469,-9719.60546875,27150.653210878372,0.0,55.9,8.825862884521484,6.949932098388672,1,1247.4375,8192.0,15.227508544921875,470,9719.60546875,-1
0,470,-16699.50390625,27208.729534626007,11.9,56.9,8.969108581542969,6.8066864013671875,1,1247.4375,8192.0,15.227508544921875,471,16699.50390625,-1
0,471,-3449.982421875,27266.362875699997,7.9,56.6,8.930728912353516,6.845119476318359,1,1247.4375,8192.0,15.227508544921875,472,3449.982421875,-1
0,472,-13309.478515625,27324.543561458588,8.9,56.8,8.9544677734375,6.821327209472656,1,1247.4375,8192.0,15.227508544921875,473,13309.478515625,-1
0,473,-14399.3505859375,27384.377748966217,5.8,57.0,8.991710662841797,6.784084320068359,3,1247.4375,8192.0,15.227508544921875,474,14399.3505859375,-1
0,474,-13283.333984375,27443.988805532455,7.4,56.8,8.96286392211914,6.812931060791016,1,1247.4375,8192.0,15.227508544921875,475,13283.333984375,-1
0,475,-10584.67578125,27504.94039940834,9.2,56.1,8.845111846923828,6.930683135986328,1,1247.4375,8192.0,15.227508544921875,476,10584.67578125,-1
0,476,-16133.8125,27564.64276099205,7.9,56.0,8.832324981689453,6.943470001220703,1,1247.4375,8192.0,15.227508544921875,477,16133.8125,-1
0,477,-52858.9921875,27625.65019416809,5.2,56.0,8.833816528320312,6.941978454589844,1,1247.4375,8192.0,15.227508544921875,478,52858.9921875,-1
0,478,-23874.87890625,27684.409130334854,4.9,55.5,8.757205963134766,7.018589019775391,1,1247.4375,8192.0,15.227508544921875,479,23874.87890625,-1
0,479,-30352.736328125,27745.972259521484,1.8,55.6,8.775127410888672,7.000667572021484,0,1247.4375,8192.0,15.227508544921875,480,30352.736328125,-1
0,480,-1077.51708984375,27805.770432710648,6.5,55.7,8.78274154663086,6.993053436279297,1,1247.4375,8192.0,15.227508544921875,481,1077.51708984375,-1
0,481,-6960.505859375,27866.795308351517,3.6,55.6,8.77431869506836,7.002067565917969,1,1247.4375,8192.0,15.227508544921875,482,6960.505859375,-1
0,482,-3890.41796875,27926.698923826218,6.4,55.8,8.798957824707031,6.976837158203125,1,1247.4375,8192.0,15.227508544921875,483,3890.41796875,-1
0,483,-22314.6171875,27986.56251192093,1.5,55.6,8.76833724975586,7.007450103759766,1,1247.4375,8192.0,15.227508544921875,484,22314.6171875,-1
0,484,-11888.0537109375,28045.38492822647,7.4,55.7,8.791606903076172,6.984188079833984,3,1247.4375,8192.0,15.227508544921875,485,11888.0537109375,-1
0,485,-3630.91748046875,28105.811007499695,6.6,55.5,8.761116027832031,7.014678955078125,1,1247.4375,8192.0,15.227508544921875,486,3630.91748046875,-1
0,486,-19584.666015625,28165.061500787735,6.7,55.6,8.773612976074219,7.0021820068359375,1,1247.4375,8192.0,15.227508544921875,487,19584.666015625,-1
0,487,-13207.521484375,28226.401032209396,2.7,55.9,8.81314468383789,6.962650299072266,1,1247.4375,8192.0,15.227508544921875,488,13207.521484375,-1
0,488,-9895.041015625,28285.8150742054,6.2,55.9,8.82623291015625,6.949562072753906,1,1247.4375,8192.0,15.227508544921875,489,9895.041015625,-1
0,489,-11071.2353515625,28347.07222676277,0.9,55.9,8.813133239746094,6.9626617431640625,1,1247.4375,8192.0,15.227508544921875,490,11071.2353515625,-1
0,490,-10851.90625,28408.02992939949,5.6,56.1,8.844955444335938,6.930839538574219,1,1247.4375,8192.0,15.227508544921875,491,10851.90625,-1
0,491,-2429.733642578125,28467.11762237549,11.4,55.8,8.808937072753906,6.96685791015625,1,1247.4375,8192.0,15.227508544921875,492,2429.733642578125,-1
0,492,-16550.7734375,28528.585058927536,3.4,55.7,8.793045043945312,6.982749938964844,1,1247.4375,8192.0,15.227508544921875,493,16550.7734375,-1
0,493,-22479.6953125,28587.94645190239,6.1,55.7,8.781635284423828,6.994159698486328,1,1247.4375,8192.0,15.227508544921875,494,22479.6953125,-1
0,494,-3636.96240234375,28649.192255973816,0.4,55.7,8.78387451171875,6.991920471191406,1,1247.4375,8192.0,15.227508544921875,495,3636.96240234375,-1
0,495,-16445.91015625,28708.037328720093,100.0,55.7,8.791831970214844,6.9839630126953125,3,1247.4375,8192.0,15.227508544921875,496,16445.91015625,-1
0,496,-11886.2646484375,28767.573746204376,4.4,55.7,8.780017852783203,6.995777130126953,0,1247.4375,8192.0,15.227508544921875,497,11886.2646484375,-1
0,497,-34203.86328125,28826.637266635895,5.3,55.9,8.818222045898438,6.957572937011719,1,1247.4375,8192.0,15.227508544921875,498,34203.86328125,-1
0,498,-14564.48828125,28887.370093345642,2.4,56.1,8.856197357177734,6.919597625732422,0,1247.4375,8192.0,15.227508544921875,499,14564.48828125,-1
0,499,-22386.083984375,28946.43688225746,11.8,56.0,8.832408905029297,6.943386077880859,1,1247.4375,8192.0,15.227508544921875,500,22386.083984375,-1
