episode,step,reward,timestamp,cpu_percent,ram_percent,ram_used_gb,ram_available_gb,gpu_util_percent,gpu_mem_used_mb,gpu_mem_total_mb,gpu_mem_percent,action,penalty_ram_penalty,penalty_gpu_penalty,penalty_total_penalty,penalty_cpu_penalty
0,0,0.12,6.134802341461182,11.5,82.4,13.001636505126953,2.7741661071777344,8,1061.08984375,8192.0,12.952756881713867,1,0.8800000000000012,0.0,0.8800000000000012,0.0
0,1,4.12,6.457759618759155,5.7,82.4,13.001476287841797,2.7743263244628906,8,1073.02734375,8192.0,13.098478317260742,4,0.8800000000000012,0.0,0.8800000000000012,0.0
0,2,3.12,6.782677412033081,5.9,82.3,12.991104125976562,2.784698486328125,6,1073.02734375,8192.0,13.098478317260742,5,0.8800000000000012,0.0,0.8800000000000012,0.0
0,3,-7.84,7.110682010650635,3.9,82.2,12.968097686767578,2.8077049255371094,1,1075.71484375,8192.0,13.131284713745117,4,0.8400000000000006,0.0,0.8400000000000006,0.0
0,4,-0.84,7.434104919433594,5.3,82.2,12.968475341796875,2.8073272705078125,1,1075.71484375,8192.0,13.131284713745117,2,0.8400000000000006,0.0,0.8400000000000006,0.0
0,5,1.16,7.784752130508423,3.5,82.2,12.971664428710938,2.80413818359375,0,1075.71484375,8192.0,13.131284713745117,5,0.8400000000000006,0.0,0.8400000000000006,0.0
1,6,-0.84,8.107885837554932,2.2,82.2,12.962589263916016,2.813213348388672,0,1075.71484375,8192.0,13.131284713745117,0,0.8400000000000006,0.0,0.8400000000000006,0.0
1,7,4.16,8.432446956634521,9.7,82.3,12.981613159179688,2.794189453125,0,1075.90234375,8192.0,13.133573532104492,4,0.8400000000000006,0.0,0.8400000000000006,0.0
1,8,-1.02,8.755774736404419,44.6,83.3,13.146617889404297,2.6291847229003906,0,1097.11328125,8192.0,13.392496109008789,0,1.019999999999999,0.0,1.019999999999999,0.0
1,9,-1.06,9.08608102798462,64.3,83.5,13.176761627197266,2.599040985107422,2,1105.30078125,8192.0,13.492441177368164,1,1.0599999999999994,0.0,1.0599999999999994,0.0
1,10,-1.22,9.410285234451294,30.3,84.2,13.279979705810547,2.4958229064941406,2,1105.30078125,8192.0,13.492441177368164,0,1.2199999999999989,0.0,1.2199999999999989,0.0
1,11,0.72,9.735167980194092,32.2,84.6,13.349903106689453,2.425811767578125,1,1105.55078125,8192.0,13.495492935180664,5,1.2800000000000011,0.0,1.2800000000000011,0.0
1,12,-1.52,10.060865879058838,46.0,85.3,13.462200164794922,2.3136024475097656,1,1110.17578125,8192.0,13.551950454711914,0,1.519999999999999,0.0,1.519999999999999,0.0
1,13,-3.5,10.387388944625854,25.5,85.7,13.512386322021484,2.263477325439453,1,1110.23828125,8192.0,13.552713394165039,5,1.5,0.0,1.5,0.0
1,14,-1.56,10.710846185684204,17.7,85.8,13.539161682128906,2.2366409301757812,0,1110.11328125,8192.0,13.551187515258789,0,1.5599999999999996,0.0,1.5599999999999996,0.0
1,15,-4.6,11.034301996231079,12.6,86.3,13.621212005615234,2.154590606689453,0,1108.52734375,8192.0,13.531827926635742,1,1.6,0.0,1.6,0.0
1,16,-1.6,11.360305547714233,16.9,86.0,13.57010269165039,2.205699920654297,0,1105.83984375,8192.0,13.499021530151367,4,1.6,0.0,1.6,0.0
2,17,-1.64,11.700514316558838,26.8,86.4,13.634140014648438,2.1416397094726562,0,1103.52734375,8192.0,13.470792770385742,1,1.6400000000000006,0.0,1.6400000000000006,0.0
2,18,3.32,12.026756048202515,26.7,86.4,13.628063201904297,2.147724151611328,0,1103.52734375,8192.0,13.470792770385742,5,1.6800000000000013,0.0,1.6800000000000013,0.0
2,19,-4.68,12.34909439086914,18.2,86.5,13.64316177368164,2.132640838623047,0,1104.46484375,8192.0,13.482236862182617,3,1.6800000000000013,0.0,1.6800000000000013,0.0
2,20,-4.76,12.673891305923462,47.4,86.9,13.704299926757812,2.071502685546875,0,1110.11328125,8192.0,13.551187515258789,3,1.7599999999999996,0.0,1.7599999999999996,0.0
2,21,-1.8,12.997800350189209,27.9,86.9,13.703262329101562,2.072540283203125,1,1110.11328125,8192.0,13.551187515258789,1,1.8,0.0,1.8,0.0
2,22,-1.8,13.325023174285889,21.0,87.0,13.719844818115234,2.055957794189453,1,1108.17578125,8192.0,13.527536392211914,0,1.8,0.0,1.8,0.0
2,23,-1.82,13.655219793319702,31.6,87.0,13.723773956298828,2.0520286560058594,1,1103.36328125,8192.0,13.468790054321289,2,1.819999999999999,0.0,1.819999999999999,0.0
2,24,-2.76,13.981389999389648,21.1,86.8,13.701522827148438,2.074138641357422,1,1103.36328125,8192.0,13.468790054321289,3,1.7599999999999996,0.0,1.7599999999999996,0.0
2,25,-3.82,14.311767339706421,36.2,86.5,13.649467468261719,2.12628173828125,1,1102.17578125,8192.0,13.454294204711914,4,1.819999999999999,0.0,1.819999999999999,0.0
3,26,1.3,14.638656616210938,38.9,86.5,13.646663665771484,2.129077911376953,0,1100.73828125,8192.0,13.436746597290039,2,1.7000000000000002,0.0,1.7000000000000002,0.0
3,27,-1.68,14.966045618057251,67.4,86.3,13.608638763427734,2.1672439575195312,0,1098.42578125,8192.0,13.408517837524414,3,1.6800000000000013,0.0,1.6800000000000013,0.0
3,28,-1.68,15.289607524871826,13.5,86.1,13.588386535644531,2.1874160766601562,2,1127.24609375,8192.0,13.76032829284668,0,1.6800000000000013,0.0,1.6800000000000013,0.0
3,29,-3.62,15.617690324783325,1.9,86.1,13.584850311279297,2.1909523010253906,0,1127.24609375,8192.0,13.76032829284668,5,1.619999999999999,0.0,1.619999999999999,0.0
3,30,0.38,15.941109895706177,7.2,86.1,13.576980590820312,2.198822021484375,0,1127.24609375,8192.0,13.76032829284668,4,1.619999999999999,0.0,1.619999999999999,0.0
3,31,-8.56,16.26899766921997,5.3,85.8,13.536125183105469,2.2396774291992188,3,1127.24609375,8192.0,13.76032829284668,2,1.5599999999999996,0.0,1.5599999999999996,0.0
3,32,-1.56,16.592722177505493,5.9,85.9,13.544635772705078,2.231170654296875,1,1127.24609375,8192.0,13.76032829284668,1,1.5599999999999996,0.0,1.5599999999999996,0.0
4,33,-6.6,16.913992643356323,9.1,85.9,13.557674407958984,2.218128204345703,1,1127.08984375,8192.0,13.758420944213867,5,1.6,0.0,1.6,0.0
4,34,-3.58,17.240336179733276,13.3,85.9,13.543697357177734,2.232105255126953,0,1125.46484375,8192.0,13.738584518432617,5,1.5800000000000012,0.0,1.5800000000000012,0.0
4,35,-1.54,17.56689953804016,6.6,85.7,13.527606964111328,2.2481956481933594,1,1125.01953125,8192.0,13.733148574829102,2,1.5400000000000007,0.0,1.5400000000000007,0.0
4,36,-1.64,17.89007544517517,59.8,86.2,13.594585418701172,2.1812171936035156,1,1116.26953125,8192.0,13.626337051391602,0,1.6400000000000006,0.0,1.6400000000000006,0.0
4,37,-0.66,18.21720600128174,11.3,86.2,13.60586929321289,2.169933319091797,1,1116.26953125,8192.0,13.626337051391602,5,1.6599999999999995,0.0,1.6599999999999995,0.0
4,38,-1.66,18.5425865650177,14.2,86.4,13.62246322631836,2.153339385986328,1,1116.26953125,8192.0,13.626337051391602,1,1.6599999999999995,0.0,1.6599999999999995,0.0
4,39,0.32,18.87159276008606,4.7,86.2,13.594436645507812,2.181365966796875,1,1116.26953125,8192.0,13.626337051391602,4,1.6800000000000013,0.0,1.6800000000000013,0.0
4,40,-1.62,19.196027994155884,9.8,86.1,13.588462829589844,2.1873397827148438,2,1116.26953125,8192.0,13.626337051391602,2,1.619999999999999,0.0,1.619999999999999,0.0
5,41,-1.62,19.525206565856934,4.6,86.1,13.584251403808594,2.1915550231933594,1,1116.26953125,8192.0,13.626337051391602,0,1.619999999999999,0.0,1.619999999999999,0.0
5,42,3.38,19.850901126861572,5.6,86.0,13.569324493408203,2.2064781188964844,1,1116.26953125,8192.0,13.626337051391602,5,1.619999999999999,0.0,1.619999999999999,0.0
5,43,-4.58,20.17698049545288,7.5,85.8,13.531578063964844,2.2442245483398438,1,1116.08203125,8192.0,13.624048233032227,3,1.5800000000000012,0.0,1.5800000000000012,0.0
5,44,0.44,20.504514932632446,8.0,85.8,13.53192138671875,2.2438812255859375,1,1114.76953125,8192.0,13.608026504516602,4,1.5599999999999996,0.0,1.5599999999999996,0.0
5,45,-1.54,20.831995248794556,4.4,85.7,13.525577545166016,2.250225067138672,1,1103.26953125,8192.0,13.467645645141602,2,1.5400000000000007,0.0,1.5400000000000007,0.0
5,46,-4.56,21.157045364379883,6.5,85.8,13.535900115966797,2.2399024963378906,0,1087.58203125,8192.0,13.276147842407227,3,1.5599999999999996,0.0,1.5599999999999996,0.0
5,47,-3.56,21.48405122756958,11.3,85.7,13.525413513183594,2.2503890991210938,2,1079.58203125,8192.0,13.178491592407227,1,1.5599999999999996,0.0,1.5599999999999996,0.0
6,48,10.46,21.811710834503174,17.3,85.7,13.525962829589844,2.2498397827148438,2,1079.58203125,8192.0,13.178491592407227,2,1.5400000000000007,0.0,1.5400000000000007,0.0
6,49,-8.54,22.13542151451111,12.2,85.7,13.519805908203125,2.2559967041015625,1,1079.58203125,8192.0,13.178491592407227,5,1.5400000000000007,0.0,1.5400000000000007,0.0
6,50,5.46,22.464712381362915,9.1,85.7,13.522403717041016,2.253398895263672,1,1079.58203125,8192.0,13.178491592407227,4,1.5400000000000007,0.0,1.5400000000000007,0.0
6,51,-1.54,22.789737939834595,11.9,85.7,13.51778793334961,2.258014678955078,2,1079.58203125,8192.0,13.178491592407227,2,1.5400000000000007,0.0,1.5400000000000007,0.0
6,52,1.48,23.11301875114441,13.1,85.6,13.506473541259766,2.269329071044922,1,1079.58203125,8192.0,13.178491592407227,4,1.519999999999999,0.0,1.519999999999999,0.0
7,53,14.48,23.43915057182312,7.2,85.7,13.512741088867188,2.2630615234375,1,1079.58203125,8192.0,13.178491592407227,4,1.519999999999999,0.0,1.519999999999999,0.0
7,54,-3.52,23.765401601791382,4.4,85.5,13.4959716796875,2.280132293701172,0,1079.64453125,8192.0,13.179254531860352,4,1.519999999999999,0.0,1.519999999999999,0.0
7,55,0.48,24.0881187915802,8.7,85.6,13.509727478027344,2.2660751342773438,1,1079.64453125,8192.0,13.179254531860352,5,1.519999999999999,0.0,1.519999999999999,0.0
7,56,-1.5,24.413004159927368,9.8,85.6,13.50088882446289,2.274913787841797,1,1079.64453125,8192.0,13.179254531860352,2,1.5,0.0,1.5,0.0
7,57,0.48,24.74010992050171,16.0,85.6,13.499866485595703,2.2759361267089844,0,1075.58203125,8192.0,13.129663467407227,5,1.519999999999999,0.0,1.519999999999999,0.0
8,58,-4.5,25.06809139251709,7.9,85.6,13.497509002685547,2.2782936096191406,1,1075.58203125,8192.0,13.129663467407227,3,1.5,0.0,1.5,0.0
8,59,-5.52,25.395102739334106,6.9,85.6,13.5069580078125,2.2688446044921875,1,1075.58203125,8192.0,13.129663467407227,2,1.519999999999999,0.0,1.519999999999999,0.0
8,60,-1.52,25.72694706916809,8.2,85.6,13.496833801269531,2.2789688110351562,0,1071.58203125,8192.0,13.080835342407227,3,1.519999999999999,0.0,1.519999999999999,0.0
8,61,-1.5,26.05255889892578,18.0,85.0,13.409069061279297,2.3667335510253906,1,1071.58203125,8192.0,13.080835342407227,2,1.5,0.0,1.5,0.0
8,62,-1.4,26.38006019592285,7.6,85.0,13.407806396484375,2.3679962158203125,1,1071.58203125,8192.0,13.080835342407227,0,1.4000000000000001,0.0,1.4000000000000001,0.0
8,63,-6.4,26.705588817596436,15.0,85.0,13.405975341796875,2.3698272705078125,0,1071.58203125,8192.0,13.080835342407227,2,1.4000000000000001,0.0,1.4000000000000001,0.0
8,64,-3.4,27.033000707626343,9.8,84.9,13.394672393798828,2.3811302185058594,1,1071.58203125,8192.0,13.080835342407227,4,1.4000000000000001,0.0,1.4000000000000001,0.0
8,65,7.62,27.35606074333191,12.1,84.9,13.39272689819336,2.383075714111328,1,1071.58203125,8192.0,13.080835342407227,5,1.3800000000000012,0.0,1.3800000000000012,0.0
9,66,2.62,27.694759607315063,4.4,84.9,13.388557434082031,2.3872451782226562,2,1071.58203125,8192.0,13.080835342407227,2,1.3800000000000012,0.0,1.3800000000000012,0.0
9,67,1.62,28.01975154876709,3.7,84.9,13.39578628540039,2.380016326904297,0,1071.58203125,8192.0,13.080835342407227,5,1.3800000000000012,0.0,1.3800000000000012,0.0
9,68,-1.38,28.348753213882446,1.6,84.9,13.388153076171875,2.3876495361328125,0,1071.58203125,8192.0,13.080835342407227,0,1.3800000000000012,0.0,1.3800000000000012,0.0
9,69,-4.38,28.676148176193237,0.7,84.9,13.389705657958984,2.386096954345703,1,1071.58203125,8192.0,13.080835342407227,3,1.3800000000000012,0.0,1.3800000000000012,0.0
9,70,0.62,29.00375485420227,4.1,84.8,13.385765075683594,2.3900375366210938,0,1071.58203125,8192.0,13.080835342407227,3,1.3800000000000012,0.0,1.3800000000000012,0.0
9,71,1.64,29.3302218914032,2.6,84.8,13.382556915283203,2.3932456970214844,0,1071.58203125,8192.0,13.080835342407227,1,1.3599999999999994,0.0,1.3599999999999994,0.0
10,72,-3.36,29.65400004386902,11.9,84.8,13.377975463867188,2.3978271484375,5,1071.70703125,8192.0,13.082361221313477,2,1.3599999999999994,0.0,1.3599999999999994,0.0
10,73,-1.36,29.982892274856567,9.6,84.8,13.375801086425781,2.4000015258789062,4,1071.70703125,8192.0,13.082361221313477,1,1.3599999999999994,0.0,1.3599999999999994,0.0
10,74,-1.36,30.309223413467407,6.2,84.8,13.375446319580078,2.4003562927246094,4,1071.70703125,8192.0,13.082361221313477,1,1.3599999999999994,0.0,1.3599999999999994,0.0
10,75,-1.32,30.63912844657898,17.2,84.6,13.348804473876953,2.4269943237304688,3,1071.70703125,8192.0,13.082361221313477,2,1.319999999999999,0.0,1.319999999999999,0.0
10,76,-1.32,30.96897792816162,16.5,84.7,13.360374450683594,2.4154281616210938,3,1076.89453125,8192.0,13.145685195922852,1,1.319999999999999,0.0,1.319999999999999,0.0
10,77,-1.3,31.297072410583496,27.7,84.4,13.313915252685547,2.4618873596191406,0,1078.33203125,8192.0,13.163232803344727,0,1.3,0.0,1.3,0.0
10,78,-3.3,31.628029346466064,9.0,84.5,13.327392578125,2.4484100341796875,1,1080.83203125,8192.0,13.193750381469727,4,1.3,0.0,1.3,0.0
10,79,-3.32,31.957024335861206,16.8,84.7,13.357917785644531,2.4178390502929688,1,1078.45703125,8192.0,13.164758682250977,4,1.319999999999999,0.0,1.319999999999999,0.0
10,80,-4.34,32.286213874816895,23.2,84.7,13.369102478027344,2.406696319580078,1,1078.45703125,8192.0,13.164758682250977,3,1.3400000000000007,0.0,1.3400000000000007,0.0
11,81,-2.36,32.614978075027466,22.2,84.8,13.373493194580078,2.4023094177246094,1,1078.45703125,8192.0,13.164758682250977,5,1.3599999999999994,0.0,1.3599999999999994,0.0
11,82,1.64,32.94734835624695,9.8,84.9,13.393028259277344,2.3827743530273438,1,1078.45703125,8192.0,13.164758682250977,3,1.3599999999999994,0.0,1.3599999999999994,0.0
11,83,0.6,33.275715827941895,12.7,85.1,13.420158386230469,2.3551559448242188,0,1078.45703125,8192.0,13.164758682250977,1,1.4000000000000001,0.0,1.4000000000000001,0.0
11,84,-1.42,33.60586333274841,13.7,85.2,13.433189392089844,2.3425521850585938,1,1078.45703125,8192.0,13.164758682250977,1,1.419999999999999,0.0,1.419999999999999,0.0
11,85,-1.4,33.93188452720642,6.1,85.0,13.41659164428711,2.359210968017578,1,1078.45703125,8192.0,13.164758682250977,1,1.4000000000000001,0.0,1.4000000000000001,0.0
11,86,-3.48,34.2577919960022,24.1,85.3,13.46323013305664,2.312572479248047,0,1078.45703125,8192.0,13.164758682250977,4,1.4800000000000013,0.0,1.4800000000000013,0.0
11,87,-7.48,34.586204290390015,16.4,85.4,13.471733093261719,2.3040695190429688,1,1078.45703125,8192.0,13.164758682250977,4,1.4800000000000013,0.0,1.4800000000000013,0.0
12,88,-11.48,34.91529321670532,9.4,85.4,13.48000717163086,2.295795440673828,1,1078.45703125,8192.0,13.164758682250977,2,1.4800000000000013,0.0,1.4800000000000013,0.0
12,89,-1.5,35.245500802993774,7.7,85.4,13.467418670654297,2.3083839416503906,0,1078.45703125,8192.0,13.164758682250977,2,1.5,0.0,1.5,0.0
12,90,5.52,35.57554244995117,11.7,85.4,13.477962493896484,2.297840118408203,1,1078.45703125,8192.0,13.164758682250977,3,1.4800000000000013,0.0,1.4800000000000013,0.0
12,91,-1.5,35.90563416481018,19.8,85.5,13.487899780273438,2.28790283203125,1,1078.45703125,8192.0,13.164758682250977,0,1.5,0.0,1.5,0.0
12,92,-4.52,36.23372149467468,16.3,85.6,13.500282287597656,2.2755203247070312,0,1078.45703125,8192.0,13.164758682250977,3,1.519999999999999,0.0,1.519999999999999,0.0
12,93,3.48,36.5609450340271,28.4,85.4,13.474102020263672,2.3017005920410156,1,1077.83203125,8192.0,13.157129287719727,5,1.519999999999999,0.0,1.519999999999999,0.0
12,94,3.5,36.887688875198364,10.4,85.6,13.502861022949219,2.2729415893554688,1,1077.83203125,8192.0,13.157129287719727,1,1.5,0.0,1.5,0.0
13,95,-1.52,37.21674990653992,20.8,85.7,13.516407012939453,2.2593955993652344,0,1077.83203125,8192.0,13.157129287719727,0,1.519999999999999,0.0,1.519999999999999,0.0
13,96,-1.5,37.54713010787964,15.3,85.5,13.494247436523438,2.28155517578125,1,1077.83203125,8192.0,13.157129287719727,1,1.5,0.0,1.5,0.0
13,97,-1.52,37.87439298629761,17.7,85.6,13.503475189208984,2.272327423095703,1,1077.83203125,8192.0,13.157129287719727,2,1.519999999999999,0.0,1.519999999999999,0.0
13,98,5.48,38.205122232437134,10.4,85.6,13.508358001708984,2.267444610595703,0,1077.83203125,8192.0,13.157129287719727,1,1.519999999999999,0.0,1.519999999999999,0.0
13,99,-1.54,38.53166675567627,17.2,85.7,13.51541519165039,2.260387420654297,1,1077.83203125,8192.0,13.157129287719727,0,1.5400000000000007,0.0,1.5400000000000007,0.0
13,100,-4.54,38.85722899436951,21.4,85.6,13.511466979980469,2.2643356323242188,1,1077.83203125,8192.0,13.157129287719727,3,1.5400000000000007,0.0,1.5400000000000007,0.0
13,101,-1.54,39.1860032081604,25.5,85.7,13.513675689697266,2.262126922607422,0,1077.83203125,8192.0,13.157129287719727,1,1.5400000000000007,0.0,1.5400000000000007,0.0
13,102,-1.54,39.51771426200867,11.3,85.8,13.531604766845703,2.2441978454589844,1,1077.83203125,8192.0,13.157129287719727,2,1.5400000000000007,0.0,1.5400000000000007,0.0
13,103,-3.58,39.8461971282959,7.7,85.9,13.550457000732422,2.2253456115722656,1,1077.83203125,8192.0,13.157129287719727,4,1.5800000000000012,0.0,1.5800000000000012,0.0
13,104,-1.54,40.174726724624634,7.7,85.7,13.527027130126953,2.2487754821777344,0,1077.83203125,8192.0,13.157129287719727,1,1.5400000000000007,0.0,1.5400000000000007,0.0
13,105,-3.52,40.503928661346436,7.9,85.6,13.500869750976562,2.274932861328125,0,1077.83203125,8192.0,13.157129287719727,4,1.519999999999999,0.0,1.519999999999999,0.0
14,106,-1.54,40.83520722389221,6.9,85.5,13.490592956542969,2.2852096557617188,0,1073.58203125,8192.0,13.105249404907227,3,1.5400000000000007,0.0,1.5400000000000007,0.0
14,107,-3.52,41.165666341781616,15.5,85.6,13.503704071044922,2.2720985412597656,0,1073.58203125,8192.0,13.105249404907227,5,1.519999999999999,0.0,1.519999999999999,0.0
14,108,-1.52,41.496469020843506,24.1,85.2,13.446624755859375,2.3291778564453125,1,1073.58203125,8192.0,13.105249404907227,1,1.519999999999999,0.0,1.519999999999999,0.0
14,109,0.54,41.82559871673584,12.6,85.2,13.446792602539062,2.329010009765625,1,1073.58203125,8192.0,13.105249404907227,4,1.4599999999999995,0.0,1.4599999999999995,0.0
14,110,-6.42,42.15633702278137,39.0,85.1,13.432685852050781,2.3431167602539062,0,1073.58203125,8192.0,13.105249404907227,2,1.419999999999999,0.0,1.419999999999999,0.0
14,111,-4.4,42.48309516906738,30.5,85.0,13.414539337158203,2.3612632751464844,1,1073.58203125,8192.0,13.105249404907227,3,1.4000000000000001,0.0,1.4000000000000001,0.0
15,112,-3.42,42.812581300735474,24.8,85.2,13.439170837402344,2.3366127014160156,1,1073.51953125,8192.0,13.104486465454102,4,1.419999999999999,0.0,1.419999999999999,0.0
15,113,-1.4,43.14068818092346,24.6,85.1,13.42154312133789,2.3542823791503906,0,1073.51953125,8192.0,13.104486465454102,4,1.4000000000000001,0.0,1.4000000000000001,0.0
15,114,-1.42,43.468634605407715,18.4,85.1,13.423015594482422,2.3527984619140625,0,1073.51953125,8192.0,13.104486465454102,2,1.419999999999999,0.0,1.419999999999999,0.0
15,115,-4.42,43.79754328727722,39.6,85.0,13.404224395751953,2.3715782165527344,0,1073.70703125,8192.0,13.106775283813477,3,1.419999999999999,0.0,1.419999999999999,0.0
15,116,-1.4,44.12546443939209,44.2,85.1,13.423847198486328,2.3519554138183594,1,1073.70703125,8192.0,13.106775283813477,2,1.4000000000000001,0.0,1.4000000000000001,0.0
15,117,3.58,44.45272159576416,34.1,85.1,13.426513671875,2.349285125732422,1,1073.70703125,8192.0,13.106775283813477,1,1.419999999999999,0.0,1.419999999999999,0.0
15,118,0.58,44.778746128082275,32.0,85.0,13.414417266845703,2.3613853454589844,1,1073.70703125,8192.0,13.106775283813477,1,1.419999999999999,0.0,1.419999999999999,0.0
16,119,22.64,45.1065456867218,30.7,84.8,13.38540267944336,2.3904075622558594,1,1079.01953125,8192.0,13.171625137329102,5,1.3599999999999994,0.0,1.3599999999999994,0.0
16,120,-1.4,45.43606901168823,21.6,85.0,13.41278076171875,2.3630218505859375,1,1079.01953125,8192.0,13.171625137329102,0,1.4000000000000001,0.0,1.4000000000000001,0.0
16,121,-1.4,45.7656409740448,26.1,85.0,13.412097930908203,2.3637046813964844,1,1079.01953125,8192.0,13.171625137329102,2,1.4000000000000001,0.0,1.4000000000000001,0.0
16,122,-1.42,46.09661793708801,16.4,84.9,13.39864730834961,2.377155303955078,1,1079.08203125,8192.0,13.172388076782227,2,1.419999999999999,0.0,1.419999999999999,0.0
16,123,-1.38,46.42571687698364,13.9,84.9,13.394840240478516,2.380962371826172,1,1079.08203125,8192.0,13.172388076782227,0,1.3800000000000012,0.0,1.3800000000000012,0.0
16,124,-1.38,46.75611090660095,22.4,85.1,13.423603057861328,2.3525733947753906,0,1079.08203125,8192.0,13.172388076782227,1,1.3800000000000012,0.0,1.3800000000000012,0.0
16,125,-1.42,47.08481287956238,13.7,85.1,13.4285888671875,2.347217559814453,1,1079.08203125,8192.0,13.172388076782227,2,1.419999999999999,0.0,1.419999999999999,0.0
16,126,-1.42,47.4158730506897,18.4,85.2,13.437808990478516,2.337993621826172,1,1079.08203125,8192.0,13.172388076782227,0,1.419999999999999,0.0,1.419999999999999,0.0
16,127,-3.3,47.74718618392944,51.5,84.5,13.326641082763672,2.4491004943847656,0,1073.76953125,8192.0,13.107538223266602,5,1.3,0.0,1.3,0.0
16,128,-5.56,48.48393130302429,34.9,85.8,13.540397644042969,2.2354049682617188,3,1086.76953125,8192.0,13.266229629516602,5,1.5599999999999996,0.0,1.5599999999999996,0.0
16,129,-1.56,48.81280183792114,29.5,85.6,13.50909423828125,2.2667083740234375,3,1086.76953125,8192.0,13.266229629516602,0,1.5599999999999996,0.0,1.5599999999999996,0.0
16,130,-1.56,49.14007210731506,30.1,85.7,13.52004623413086,2.255756378173828,3,1086.76953125,8192.0,13.266229629516602,1,1.5599999999999996,0.0,1.5599999999999996,0.0
16,131,-5.52,49.464706897735596,11.0,85.6,13.504596710205078,2.2712059020996094,3,1086.76953125,8192.0,13.266229629516602,5,1.519999999999999,0.0,1.519999999999999,0.0
17,132,-2.52,49.796093702316284,20.2,85.6,13.507057189941406,2.2687454223632812,1,1086.76953125,8192.0,13.266229629516602,3,1.519999999999999,0.0,1.519999999999999,0.0
17,133,-3.52,50.12597155570984,12.9,85.6,13.506965637207031,2.2688331604003906,0,1086.76953125,8192.0,13.266229629516602,5,1.519999999999999,0.0,1.519999999999999,0.0
17,134,-1.52,50.45268750190735,21.6,85.6,13.506195068359375,2.269611358642578,0,1086.76953125,8192.0,13.266229629516602,0,1.519999999999999,0.0,1.519999999999999,0.0
17,135,-1.52,50.78218698501587,6.8,85.6,13.504005432128906,2.2717971801757812,0,1086.76953125,8192.0,13.266229629516602,4,1.519999999999999,0.0,1.519999999999999,0.0
17,136,0.48,51.11010718345642,17.6,85.6,13.501579284667969,2.2742233276367188,1,1086.76953125,8192.0,13.266229629516602,4,1.519999999999999,0.0,1.519999999999999,0.0
17,137,-1.52,51.43949365615845,23.9,85.6,13.509506225585938,2.26629638671875,1,1087.83203125,8192.0,13.279199600219727,1,1.519999999999999,0.0,1.519999999999999,0.0
17,138,1.48,51.769999980926514,13.6,85.6,13.497814178466797,2.2779884338378906,2,1087.33203125,8192.0,13.273096084594727,5,1.519999999999999,0.0,1.519999999999999,0.0
18,139,-1.52,52.09993290901184,5.5,85.5,13.495399475097656,2.2804031372070312,2,1083.22265625,8192.0,13.222932815551758,2,1.519999999999999,0.0,1.519999999999999,0.0
18,140,-1.5,52.431708097457886,11.0,85.5,13.487159729003906,2.2886428833007812,2,1083.22265625,8192.0,13.222932815551758,2,1.5,0.0,1.5,0.0
18,141,3.5,52.764410734176636,11.9,85.5,13.488262176513672,2.2875404357910156,1,1083.22265625,8192.0,13.222932815551758,3,1.5,0.0,1.5,0.0
18,142,-1.5,53.09636354446411,9.9,85.5,13.481082916259766,2.294719696044922,1,1083.22265625,8192.0,13.222932815551758,0,1.5,0.0,1.5,0.0
18,143,-1.5,53.425071239471436,17.5,85.4,13.478824615478516,2.296977996826172,1,1083.72265625,8192.0,13.229036331176758,0,1.5,0.0,1.5,0.0
18,144,-6.48,53.75311470031738,20.2,85.5,13.481502532958984,2.294300079345703,0,1083.72265625,8192.0,13.229036331176758,4,1.4800000000000013,0.0,1.4800000000000013,0.0
18,145,-4.5,54.08260107040405,4.4,85.5,13.488834381103516,2.286968231201172,2,1083.72265625,8192.0,13.229036331176758,3,1.5,0.0,1.5,0.0
18,146,2.52,54.41253685951233,13.7,85.4,13.471790313720703,2.3040122985839844,2,1083.72265625,8192.0,13.229036331176758,5,1.4800000000000013,0.0,1.4800000000000013,0.0
18,147,1.52,54.74240255355835,10.8,85.4,13.472000122070312,2.303802490234375,0,1087.41015625,8192.0,13.274049758911133,1,1.4800000000000013,0.0,1.4800000000000013,0.0
19,148,-1.52,55.07467222213745,16.4,85.4,13.480411529541016,2.295398712158203,1,1087.41015625,8192.0,13.274049758911133,1,1.519999999999999,0.0,1.519999999999999,0.0
19,149,-1.48,55.40408420562744,5.1,85.4,13.470390319824219,2.3054122924804688,1,1087.41015625,8192.0,13.274049758911133,2,1.4800000000000013,0.0,1.4800000000000013,0.0
19,150,-1.46,55.733994007110596,10.7,85.3,13.463863372802734,2.311939239501953,0,1087.41015625,8192.0,13.274049758911133,2,1.4599999999999995,0.0,1.4599999999999995,0.0
19,151,-1.46,56.062504291534424,9.7,85.3,13.462955474853516,2.312847137451172,1,1087.41015625,8192.0,13.274049758911133,2,1.4599999999999995,0.0,1.4599999999999995,0.0
19,152,-3.46,56.39108991622925,7.3,85.3,13.462265014648438,2.31353759765625,1,1087.41015625,8192.0,13.274049758911133,4,1.4599999999999995,0.0,1.4599999999999995,0.0
19,153,0.54,56.717529296875,10.0,85.3,13.46218490600586,2.313617706298828,1,1087.41015625,8192.0,13.274049758911133,5,1.4599999999999995,0.0,1.4599999999999995,0.0
19,154,-4.46,57.048012018203735,11.8,85.3,13.460014343261719,2.3157882690429688,1,1086.78515625,8192.0,13.266420364379883,3,1.4599999999999995,0.0,1.4599999999999995,0.0
20,155,-4.46,57.377580881118774,5.6,85.3,13.459259033203125,2.3165435791015625,1,1086.78515625,8192.0,13.266420364379883,3,1.4599999999999995,0.0,1.4599999999999995,0.0
20,156,-4.46,57.70821285247803,11.7,85.3,13.4591064453125,2.3166961669921875,0,1086.78515625,8192.0,13.266420364379883,3,1.4599999999999995,0.0,1.4599999999999995,0.0
20,157,-1.46,58.03503751754761,11.3,85.3,13.458011627197266,2.317790985107422,7,1086.78515625,8192.0,13.266420364379883,1,1.4599999999999995,0.0,1.4599999999999995,0.0
20,158,-5.46,58.365134477615356,9.4,85.3,13.449138641357422,2.3266639709472656,7,1086.78515625,8192.0,13.266420364379883,2,1.4599999999999995,0.0,1.4599999999999995,0.0
20,159,-3.46,58.694743633270264,11.9,85.3,13.449092864990234,2.326709747314453,1,1086.78515625,8192.0,13.266420364379883,5,1.4599999999999995,0.0,1.4599999999999995,0.0
21,160,-1.46,59.02506375312805,5.7,85.3,13.453510284423828,2.3222923278808594,1,1086.78515625,8192.0,13.266420364379883,0,1.4599999999999995,0.0,1.4599999999999995,0.0
21,161,-1.46,59.35411095619202,7.8,85.3,13.455116271972656,2.3206787109375,1,1086.78515625,8192.0,13.266420364379883,1,1.4599999999999995,0.0,1.4599999999999995,0.0
21,162,-1.46,59.683953285217285,11.8,85.3,13.449214935302734,2.326587677001953,0,1086.78515625,8192.0,13.266420364379883,0,1.4599999999999995,0.0,1.4599999999999995,0.0
21,163,-1.46,60.015427350997925,18.8,85.3,13.461540222167969,2.3142623901367188,0,1082.47265625,8192.0,13.213777542114258,2,1.4599999999999995,0.0,1.4599999999999995,0.0
21,164,8.54,60.34701228141785,5.5,85.3,13.453697204589844,2.3221054077148438,0,1082.47265625,8192.0,13.213777542114258,5,1.4599999999999995,0.0,1.4599999999999995,0.0
21,165,-4.46,60.67770266532898,8.3,85.3,13.453605651855469,2.3221969604492188,0,1082.47265625,8192.0,13.213777542114258,3,1.4599999999999995,0.0,1.4599999999999995,0.0
21,166,-3.44,61.00552678108215,17.5,85.2,13.447982788085938,2.32781982421875,1,1082.47265625,8192.0,13.213777542114258,5,1.4400000000000006,0.0,1.4400000000000006,0.0
21,167,-1.44,61.33658981323242,7.3,85.2,13.442985534667969,2.3328170776367188,1,1082.47265625,8192.0,13.213777542114258,1,1.4400000000000006,0.0,1.4400000000000006,0.0
21,168,-1.44,61.668102502822876,5.5,85.2,13.443119049072266,2.332683563232422,1,1082.47265625,8192.0,13.213777542114258,1,1.4400000000000006,0.0,1.4400000000000006,0.0
21,169,1.56,61.99961233139038,28.6,85.2,13.446208953857422,2.3295936584472656,0,1082.47265625,8192.0,13.213777542114258,2,1.4400000000000006,0.0,1.4400000000000006,0.0
22,170,-1.44,62.32801270484924,14.7,85.2,13.442230224609375,2.3335723876953125,0,1082.47265625,8192.0,13.213777542114258,0,1.4400000000000006,0.0,1.4400000000000006,0.0
22,171,-1.44,62.659687995910645,5.1,85.2,13.43771743774414,2.338085174560547,0,1082.47265625,8192.0,13.213777542114258,0,1.4400000000000006,0.0,1.4400000000000006,0.0
22,172,6.56,62.98908090591431,11.7,85.2,13.439338684082031,2.3364639282226562,1,1082.47265625,8192.0,13.213777542114258,2,1.4400000000000006,0.0,1.4400000000000006,0.0
22,173,-4.44,63.31961011886597,14.3,85.2,13.439022064208984,2.336780548095703,1,1082.47265625,8192.0,13.213777542114258,3,1.4400000000000006,0.0,1.4400000000000006,0.0
22,174,-1.44,63.65000104904175,4.2,85.2,13.43790054321289,2.337902069091797,1,1082.47265625,8192.0,13.213777542114258,0,1.4400000000000006,0.0,1.4400000000000006,0.0
22,175,-3.44,63.98149108886719,5.6,85.2,13.441307067871094,2.3344955444335938,1,1082.47265625,8192.0,13.213777542114258,4,1.4400000000000006,0.0,1.4400000000000006,0.0
22,176,-1.44,64.31208801269531,19.4,85.2,13.439720153808594,2.3360824584960938,1,1082.47265625,8192.0,13.213777542114258,2,1.4400000000000006,0.0,1.4400000000000006,0.0
22,177,-5.44,64.64260411262512,8.3,85.2,13.438732147216797,2.3370704650878906,1,1082.47265625,8192.0,13.213777542114258,1,1.4400000000000006,0.0,1.4400000000000006,0.0
23,178,-1.44,64.97216629981995,7.9,85.2,13.44503402709961,2.330768585205078,1,1082.47265625,8192.0,13.213777542114258,0,1.4400000000000006,0.0,1.4400000000000006,0.0
23,179,3.56,65.3025176525116,8.0,85.2,13.443073272705078,2.3327293395996094,1,1082.47265625,8192.0,13.213777542114258,5,1.4400000000000006,0.0,1.4400000000000006,0.0
23,180,-4.44,65.63301086425781,5.2,85.2,13.444263458251953,2.3315391540527344,1,1082.47265625,8192.0,13.213777542114258,3,1.4400000000000006,0.0,1.4400000000000006,0.0
23,181,-1.46,65.96257209777832,6.8,85.2,13.445106506347656,2.3306961059570312,1,1082.47265625,8192.0,13.213777542114258,0,1.4599999999999995,0.0,1.4599999999999995,0.0
23,182,-1.44,66.29166746139526,12.2,85.1,13.432945251464844,2.3428573608398438,0,1082.47265625,8192.0,13.213777542114258,0,1.4400000000000006,0.0,1.4400000000000006,0.0
23,183,-4.42,66.62052893638611,6.3,85.1,13.429027557373047,2.3467750549316406,0,1082.47265625,8192.0,13.213777542114258,3,1.419999999999999,0.0,1.419999999999999,0.0
23,184,0.58,66.95079231262207,11.4,85.1,13.422294616699219,2.3535079956054688,0,1087.03515625,8192.0,13.269472122192383,4,1.419999999999999,0.0,1.419999999999999,0.0
23,185,3.6,67.2812077999115,29.3,85.0,13.412742614746094,2.3630599975585938,2,1087.03515625,8192.0,13.269472122192383,1,1.4000000000000001,0.0,1.4000000000000001,0.0
24,186,-1.4,67.60969829559326,18.8,85.0,13.409427642822266,2.366374969482422,2,1087.09765625,8192.0,13.270235061645508,1,1.4000000000000001,0.0,1.4000000000000001,0.0
24,187,-1.4,67.93518996238708,13.4,85.0,13.407978057861328,2.3678245544433594,2,1087.09765625,8192.0,13.270235061645508,0,1.4000000000000001,0.0,1.4000000000000001,0.0
24,188,-1.4,68.26523017883301,20.0,85.0,13.406776428222656,2.3690261840820312,1,1087.09765625,8192.0,13.270235061645508,0,1.4000000000000001,0.0,1.4000000000000001,0.0
24,189,3.6,68.59513783454895,9.8,85.0,13.40835952758789,2.367443084716797,3,1087.09765625,8192.0,13.270235061645508,3,1.4000000000000001,0.0,1.4000000000000001,0.0
24,190,-5.4,68.92374324798584,22.0,85.1,13.424762725830078,2.3510398864746094,3,1087.09765625,8192.0,13.270235061645508,2,1.4000000000000001,0.0,1.4000000000000001,0.0
24,191,-1.42,69.2642514705658,10.3,85.0,13.409465789794922,2.3663368225097656,2,1087.09765625,8192.0,13.270235061645508,2,1.419999999999999,0.0,1.419999999999999,0.0
24,192,-4.4,69.59219908714294,3.9,85.0,13.408702850341797,2.3670997619628906,1,1087.09765625,8192.0,13.270235061645508,3,1.4000000000000001,0.0,1.4000000000000001,0.0
24,193,-1.42,69.91980385780334,8.9,85.1,13.418907165527344,2.3568954467773438,1,1086.16015625,8192.0,13.258790969848633,0,1.419999999999999,0.0,1.419999999999999,0.0
24,194,-1.42,70.24681544303894,4.7,85.1,13.418209075927734,2.357593536376953,2,1084.53515625,8192.0,13.238954544067383,0,1.419999999999999,0.0,1.419999999999999,0.0
24,195,5.6,70.57595229148865,41.5,83.5,13.175811767578125,2.6011009216308594,4,1099.66015625,8192.0,13.423585891723633,5,1.4000000000000001,0.0,1.4000000000000001,0.0
25,196,-5.1,70.90405035018921,21.5,83.5,13.168235778808594,2.6075668334960938,4,1108.09765625,8192.0,13.526582717895508,3,1.1,0.0,1.1,0.0
25,197,-1.18,71.23596906661987,53.2,84.3,13.301403045654297,2.4743385314941406,1,1113.78515625,8192.0,13.596010208129883,1,1.1800000000000013,0.0,1.1800000000000013,0.0
25,198,-3.36,71.56778717041016,40.8,84.8,13.375442504882812,2.4002952575683594,1,1115.59765625,8192.0,13.618135452270508,5,1.3599999999999994,0.0,1.3599999999999994,0.0
25,199,-3.5,71.89852547645569,40.4,85.8,13.544204711914062,2.2313308715820312,1,1115.59765625,8192.0,13.618135452270508,5,1.5,0.0,1.5,0.0
25,200,-1.42,72.2282726764679,34.0,85.6,13.505264282226562,2.2705459594726562,1,1118.91015625,8192.0,13.658571243286133,0,1.419999999999999,0.0,1.419999999999999,0.0
25,201,-1.54,72.55676674842834,25.9,85.7,13.518020629882812,2.257781982421875,0,1119.34765625,8192.0,13.663911819458008,2,1.5400000000000007,0.0,1.5400000000000007,0.0
25,202,-1.54,72.88371777534485,44.7,86.0,13.562847137451172,2.2129554748535156,0,1119.22265625,8192.0,13.662385940551758,0,1.5400000000000007,0.0,1.5400000000000007,0.0
25,203,1.26,73.21199297904968,27.0,86.3,13.612991333007812,2.1628074645996094,1,1119.59765625,8192.0,13.666963577270508,2,1.7400000000000007,0.0,1.7400000000000007,0.0
26,204,-0.64,73.54112195968628,23.8,86.2,13.593158721923828,2.1827468872070312,0,1119.59765625,8192.0,13.666963577270508,5,1.6400000000000006,0.0,1.6400000000000006,0.0
26,205,-4.7,73.86805891990662,36.3,86.8,13.693870544433594,2.0811614990234375,0,1117.32421875,8192.0,13.639211654663086,3,1.7000000000000002,0.0,1.7000000000000002,0.0
26,206,-6.8,74.19376182556152,20.7,87.1,13.738616943359375,2.0371856689453125,3,1117.32421875,8192.0,13.639211654663086,2,1.8,0.0,1.8,0.0
26,207,-1.8,74.5205283164978,5.8,87.1,13.732891082763672,2.0429115295410156,0,1117.57421875,8192.0,13.642263412475586,2,1.8,0.0,1.8,0.0
26,208,-4.8,74.84801530838013,9.8,87.0,13.72354507446289,2.052257537841797,0,1117.57421875,8192.0,13.642263412475586,3,1.8,0.0,1.8,0.0
26,209,-1.8,75.17869710922241,20.8,87.2,13.756420135498047,2.0193824768066406,0,1117.57421875,8192.0,13.642263412475586,0,1.8,0.0,1.8,0.0
26,210,-1.8,75.5059654712677,14.1,87.0,13.722286224365234,2.053516387939453,0,1115.44921875,8192.0,13.616323471069336,4,1.8,0.0,1.8,0.0
27,211,6.22,75.83630132675171,6.7,86.9,13.71319580078125,2.0626068115234375,0,1116.19921875,8192.0,13.625478744506836,5,1.7800000000000011,0.0,1.7800000000000011,0.0
27,212,-7.78,76.16481447219849,0.5,86.9,13.713916778564453,2.0618858337402344,0,1116.19921875,8192.0,13.625478744506836,5,1.7800000000000011,0.0,1.7800000000000011,0.0
27,213,-1.78,76.48922443389893,4.4,86.9,13.71030044555664,2.065502166748047,0,1107.57421875,8192.0,13.520193099975586,0,1.7800000000000011,0.0,1.7800000000000011,0.0
27,214,-1.72,76.81667470932007,3.5,86.6,13.656780242919922,2.1190223693847656,0,1102.32421875,8192.0,13.456106185913086,2,1.7199999999999989,0.0,1.7199999999999989,0.0
27,215,-1.72,77.144522190094,12.5,86.6,13.656532287597656,2.119274139404297,0,1098.51171875,8192.0,13.409566879272461,0,1.7199999999999989,0.0,1.7199999999999989,0.0
27,216,-1.7,77.4750235080719,9.6,86.5,13.638736724853516,2.1371192932128906,0,1098.51171875,8192.0,13.409566879272461,0,1.7000000000000002,0.0,1.7000000000000002,0.0
27,217,-1.78,77.8057107925415,25.0,87.1,13.74661636352539,2.029186248779297,0,1086.88671875,8192.0,13.267660140991211,5,1.7800000000000011,0.0,1.7800000000000011,0.0
27,218,-2.78,78.12913632392883,2.1,86.9,13.7064208984375,2.0693817138671875,0,1086.88671875,8192.0,13.267660140991211,3,1.7800000000000011,0.0,1.7800000000000011,0.0
27,219,2.24,78.4549834728241,5.2,86.8,13.693363189697266,2.082439422607422,0,1086.88671875,8192.0,13.267660140991211,4,1.7599999999999996,0.0,1.7599999999999996,0.0
28,220,-1.76,78.78006649017334,5.9,86.7,13.684303283691406,2.0914993286132812,0,1086.88671875,8192.0,13.267660140991211,1,1.7599999999999996,0.0,1.7599999999999996,0.0
28,221,-1.74,79.10692238807678,6.2,86.7,13.682872772216797,2.0929298400878906,1,1086.88671875,8192.0,13.267660140991211,0,1.7400000000000007,0.0,1.7400000000000007,0.0
28,222,-1.74,79.43234539031982,1.4,86.7,13.682682037353516,2.093120574951172,1,1086.88671875,8192.0,13.267660140991211,0,1.7400000000000007,0.0,1.7400000000000007,0.0
28,223,-1.74,79.75992798805237,3.7,86.7,13.684036254882812,2.091766357421875,0,1086.57421875,8192.0,13.263845443725586,2,1.7400000000000007,0.0,1.7400000000000007,0.0
28,224,-1.74,80.08579230308533,7.0,86.8,13.693305969238281,2.0824966430664062,1,1086.57421875,8192.0,13.263845443725586,3,1.7400000000000007,0.0,1.7400000000000007,0.0
28,225,-1.76,80.41086888313293,13.3,86.8,13.690628051757812,2.085174560546875,1,1097.63671875,8192.0,13.398885726928711,2,1.7599999999999996,0.0,1.7599999999999996,0.0
28,226,-1.76,80.73927235603333,6.1,86.9,13.707408905029297,2.0683937072753906,1,1097.63671875,8192.0,13.398885726928711,1,1.7599999999999996,0.0,1.7599999999999996,0.0
28,227,-1.78,81.0693633556366,7.4,87.0,13.720195770263672,2.0556068420410156,0,1097.88671875,8192.0,13.401937484741211,1,1.7800000000000011,0.0,1.7800000000000011,0.0
28,228,-1.8,81.39895367622375,1.8,87.0,13.720687866210938,2.0551071166992188,0,1097.88671875,8192.0,13.401937484741211,2,1.8,0.0,1.8,0.0
28,229,-4.8,81.7269332408905,3.1,87.0,13.717353820800781,2.0584487915039062,0,1095.88671875,8192.0,13.377523422241211,3,1.8,0.0,1.8,0.0
29,230,-9.8,82.05515718460083,2.8,87.0,13.723220825195312,2.052581787109375,0,1095.88671875,8192.0,13.377523422241211,4,1.8,0.0,1.8,0.0
29,231,0.2,82.3812198638916,6.7,87.0,13.723217010498047,2.0525856018066406,0,1095.88671875,8192.0,13.377523422241211,5,1.8,0.0,1.8,0.0
29,232,-1.8,82.71010279655457,1.3,87.0,13.722984313964844,2.0528182983398438,0,1097.19921875,8192.0,13.393545150756836,1,1.8,0.0,1.8,0.0
29,233,-1.8,83.03784608840942,1.8,87.0,13.721099853515625,2.0547027587890625,0,1097.19921875,8192.0,13.393545150756836,2,1.8,0.0,1.8,0.0
29,234,-0.8,83.3772189617157,2.5,87.0,13.720882415771484,2.054920196533203,0,1097.19921875,8192.0,13.393545150756836,3,1.8,0.0,1.8,0.0
29,235,-1.8,83.72033882141113,9.7,87.0,13.721942901611328,2.0538597106933594,0,1097.19921875,8192.0,13.393545150756836,0,1.8,0.0,1.8,0.0
29,236,-1.8,84.04177927970886,4.5,87.0,13.722919464111328,2.0528831481933594,0,1097.19921875,8192.0,13.393545150756836,2,1.8,0.0,1.8,0.0
29,237,-3.8,84.36802339553833,4.6,87.0,13.719470977783203,2.0563316345214844,0,1097.19921875,8192.0,13.393545150756836,5,1.8,0.0,1.8,0.0
30,238,0.2,84.69760179519653,1.4,87.0,13.718101501464844,2.0577011108398438,0,1098.64453125,8192.0,13.411188125610352,2,1.8,0.0,1.8,0.0
30,239,-3.8,85.01902866363525,7.3,87.0,13.723472595214844,2.0523300170898438,0,1098.64453125,8192.0,13.411188125610352,5,1.8,0.0,1.8,0.0
30,240,-2.8,85.3428897857666,7.0,87.0,13.722541809082031,2.0532608032226562,0,1098.64453125,8192.0,13.411188125610352,3,1.8,0.0,1.8,0.0
30,241,-4.8,85.66883397102356,4.7,87.0,13.719966888427734,2.055835723876953,7,1099.51953125,8192.0,13.421869277954102,3,1.8,0.0,1.8,0.0
30,242,-1.8,85.99596548080444,23.3,86.6,13.66904067993164,2.106761932373047,0,1099.51953125,8192.0,13.421869277954102,0,1.8,0.0,1.8,0.0
30,243,-1.74,86.32014393806458,2.1,86.7,13.670791625976562,2.105010986328125,0,1099.51953125,8192.0,13.421869277954102,0,1.7400000000000007,0.0,1.7400000000000007,0.0
30,244,-3.74,86.64684915542603,20.4,86.6,13.669425964355469,2.1063766479492188,0,1099.51953125,8192.0,13.421869277954102,4,1.7400000000000007,0.0,1.7400000000000007,0.0
31,245,1.28,86.97722673416138,3.6,86.6,13.66689682006836,2.1089324951171875,0,1099.51953125,8192.0,13.421869277954102,2,1.7199999999999989,0.0,1.7199999999999989,0.0
31,246,-4.72,87.30291676521301,7.0,86.6,13.668159484863281,2.1076431274414062,0,1099.51953125,8192.0,13.421869277954102,3,1.7199999999999989,0.0,1.7199999999999989,0.0
31,247,1.34,87.62377858161926,20.2,86.3,13.60843276977539,2.167369842529297,0,1099.51953125,8192.0,13.421869277954102,5,1.6599999999999995,0.0,1.6599999999999995,0.0
31,248,-1.66,87.95360398292542,16.0,86.2,13.604045867919922,2.1717567443847656,0,1107.76953125,8192.0,13.522577285766602,2,1.6599999999999995,0.0,1.6599999999999995,0.0
31,249,-1.68,88.28038597106934,10.6,86.3,13.61587142944336,2.159931182861328,1,1113.17578125,8192.0,13.588571548461914,1,1.6800000000000013,0.0,1.6800000000000013,0.0
31,250,2.34,88.60649466514587,20.6,86.2,13.601356506347656,2.1743850708007812,1,1113.17578125,8192.0,13.588571548461914,4,1.6599999999999995,0.0,1.6599999999999995,0.0
31,251,-1.64,88.93386626243591,6.2,86.3,13.611377716064453,2.1644248962402344,1,1113.17578125,8192.0,13.588571548461914,0,1.6400000000000006,0.0,1.6400000000000006,0.0
31,252,-1.66,89.2607364654541,8.3,86.3,13.614715576171875,2.1610870361328125,0,1113.17578125,8192.0,13.588571548461914,0,1.6599999999999995,0.0,1.6599999999999995,0.0
31,253,-3.66,89.58600091934204,16.3,86.3,13.617755889892578,2.1580467224121094,0,1113.17578125,8192.0,13.588571548461914,5,1.6599999999999995,0.0,1.6599999999999995,0.0
32,254,0.34,89.91169810295105,7.0,86.3,13.61080551147461,2.164997100830078,0,1113.17578125,8192.0,13.588571548461914,4,1.6599999999999995,0.0,1.6599999999999995,0.0
32,255,-1.66,90.2367730140686,3.2,86.3,13.610958099365234,2.164844512939453,0,1113.17578125,8192.0,13.588571548461914,5,1.6599999999999995,0.0,1.6599999999999995,0.0
32,256,-4.64,90.68550229072571,3.8,86.2,13.60586166381836,2.169940948486328,6,1105.60546875,8192.0,13.496160507202148,3,1.6400000000000006,0.0,1.6400000000000006,0.0
32,257,-1.64,91.0058045387268,6.7,86.2,13.602523803710938,2.17327880859375,1,1105.60546875,8192.0,13.496160507202148,0,1.6400000000000006,0.0,1.6400000000000006,0.0
32,258,-1.64,91.33178234100342,2.9,86.2,13.600933074951172,2.1748695373535156,1,1105.60546875,8192.0,13.496160507202148,4,1.6400000000000006,0.0,1.6400000000000006,0.0
32,259,-1.64,91.65672397613525,3.6,86.2,13.599288940429688,2.176513671875,0,1105.60546875,8192.0,13.496160507202148,5,1.6400000000000006,0.0,1.6400000000000006,0.0
32,260,-1.64,91.99585390090942,10.1,86.2,13.606376647949219,2.1694259643554688,0,1105.60546875,8192.0,13.496160507202148,0,1.6400000000000006,0.0,1.6400000000000006,0.0
32,261,3.36,92.32185745239258,0.7,86.2,13.604877471923828,2.1710205078125,0,1105.35546875,8192.0,13.493108749389648,1,1.6400000000000006,0.0,1.6400000000000006,0.0
32,262,-1.64,92.64590334892273,3.4,86.2,13.601760864257812,2.174041748046875,1,1105.35546875,8192.0,13.493108749389648,0,1.6400000000000006,0.0,1.6400000000000006,0.0
32,263,1.36,92.97223234176636,1.3,86.2,13.60205078125,2.1737518310546875,1,1105.35546875,8192.0,13.493108749389648,2,1.6400000000000006,0.0,1.6400000000000006,0.0
33,264,-0.64,93.29962801933289,5.3,86.2,13.606330871582031,2.1694717407226562,0,1105.35546875,8192.0,13.493108749389648,4,1.6400000000000006,0.0,1.6400000000000006,0.0
33,265,-1.64,93.6239185333252,13.3,86.2,13.605663299560547,2.1701393127441406,1,1105.35546875,8192.0,13.493108749389648,0,1.6400000000000006,0.0,1.6400000000000006,0.0
33,266,0.36,93.94661068916321,18.3,86.3,13.613819122314453,2.1619834899902344,1,1105.48046875,8192.0,13.494634628295898,5,1.6400000000000006,0.0,1.6400000000000006,0.0
33,267,3.34,94.27214694023132,14.3,86.2,13.600223541259766,2.175579071044922,3,1105.48046875,8192.0,13.494634628295898,1,1.6599999999999995,0.0,1.6599999999999995,0.0
33,268,-1.64,94.59521675109863,7.7,86.2,13.605209350585938,2.17059326171875,1,1105.54296875,8192.0,13.495397567749023,0,1.6400000000000006,0.0,1.6400000000000006,0.0
33,269,-1.64,94.92247915267944,23.3,86.3,13.606761932373047,2.1690406799316406,1,1105.54296875,8192.0,13.495397567749023,3,1.6400000000000006,0.0,1.6400000000000006,0.0
33,270,1.34,95.24780631065369,16.9,86.3,13.607658386230469,2.1681442260742188,2,1105.54296875,8192.0,13.495397567749023,4,1.6599999999999995,0.0,1.6599999999999995,0.0
33,271,3.34,95.58010625839233,21.0,86.3,13.610496520996094,2.1653060913085938,2,1105.48046875,8192.0,13.494634628295898,2,1.6599999999999995,0.0,1.6599999999999995,0.0
34,272,-1.64,95.90618395805359,9.6,86.2,13.60650634765625,2.1692962646484375,2,1105.48046875,8192.0,13.494634628295898,1,1.6400000000000006,0.0,1.6400000000000006,0.0
34,273,10.34,96.23408198356628,7.8,86.2,13.606521606445312,2.169281005859375,1,1105.48046875,8192.0,13.494634628295898,5,1.6599999999999995,0.0,1.6599999999999995,0.0
34,274,0.28,96.5617139339447,18.1,86.4,13.635292053222656,2.1405105590820312,1,1105.85546875,8192.0,13.499212265014648,4,1.7199999999999989,0.0,1.7199999999999989,0.0
34,275,-3.7,96.88718008995056,33.6,86.6,13.659015655517578,2.1167869567871094,1,1105.85546875,8192.0,13.499212265014648,2,1.7000000000000002,0.0,1.7000000000000002,0.0
34,276,-1.72,97.21785426139832,9.5,86.6,13.65475845336914,2.12109375,1,1105.85546875,8192.0,13.499212265014648,2,1.7199999999999989,0.0,1.7199999999999989,0.0
34,277,-1.72,97.54799962043762,13.6,86.6,13.661964416503906,2.1137771606445312,1,1105.85546875,8192.0,13.499212265014648,0,1.7199999999999989,0.0,1.7199999999999989,0.0
34,278,-1.72,97.87569665908813,8.9,86.6,13.659233093261719,2.1165695190429688,1,1105.85546875,8192.0,13.499212265014648,2,1.7199999999999989,0.0,1.7199999999999989,0.0
34,279,5.28,98.20784759521484,2.4,86.5,13.653427124023438,2.12237548828125,0,1105.85546875,8192.0,13.499212265014648,4,1.7199999999999989,0.0,1.7199999999999989,0.0
34,280,-1.72,98.53402090072632,6.6,86.6,13.660636901855469,2.1151657104492188,1,1105.91796875,8192.0,13.499975204467773,0,1.7199999999999989,0.0,1.7199999999999989,0.0
34,281,-1.72,98.86487817764282,12.8,86.7,13.672557830810547,2.1029396057128906,1,1105.91796875,8192.0,13.499975204467773,1,1.7199999999999989,0.0,1.7199999999999989,0.0
34,282,-3.74,99.1955189704895,7.8,86.6,13.667564392089844,2.1082382202148438,2,1105.91796875,8192.0,13.499975204467773,4,1.7400000000000007,0.0,1.7400000000000007,0.0
35,283,-6.72,99.52285313606262,11.6,86.7,13.677047729492188,2.0987548828125,0,1105.91796875,8192.0,13.499975204467773,4,1.7199999999999989,0.0,1.7199999999999989,0.0
35,284,-1.72,99.85301685333252,5.9,86.7,13.670806884765625,2.1049957275390625,0,1105.91796875,8192.0,13.499975204467773,1,1.7199999999999989,0.0,1.7199999999999989,0.0
35,285,-4.72,100.18097591400146,0.4,86.6,13.664539337158203,2.1112632751464844,0,1105.91796875,8192.0,13.499975204467773,3,1.7199999999999989,0.0,1.7199999999999989,0.0
35,286,-1.72,100.50746130943298,3.2,86.6,13.664386749267578,2.1114158630371094,2,1105.79296875,8192.0,13.498449325561523,0,1.7199999999999989,0.0,1.7199999999999989,0.0
35,287,-3.58,100.83719611167908,2.3,85.9,13.55014419555664,2.225658416748047,2,1105.79296875,8192.0,13.498449325561523,4,1.5800000000000012,0.0,1.5800000000000012,0.0
35,288,0.42,101.16665244102478,30.9,86.0,13.55950927734375,2.2162933349609375,0,1105.79296875,8192.0,13.498449325561523,5,1.5800000000000012,0.0,1.5800000000000012,0.0
35,289,3.44,101.49213933944702,20.4,85.4,13.472370147705078,2.303424835205078,1,1105.79296875,8192.0,13.498449325561523,1,1.5599999999999996,0.0,1.5599999999999996,0.0
36,290,6.52,101.81891107559204,18.6,85.4,13.47452163696289,2.301280975341797,1,1105.73046875,8192.0,13.497686386108398,3,1.4800000000000013,0.0,1.4800000000000013,0.0
36,291,-4.5,102.14807391166687,12.8,85.5,13.48531723022461,2.290485382080078,8,1108.60546875,8192.0,13.532781600952148,3,1.5,0.0,1.5,0.0
36,292,-1.52,102.4725284576416,6.9,85.6,13.500347137451172,2.2754554748535156,8,1110.04296875,8192.0,13.550329208374023,2,1.519999999999999,0.0,1.519999999999999,0.0
36,293,-3.58,102.80474495887756,27.5,85.9,13.543449401855469,2.2323532104492188,0,1109.29296875,8192.0,13.541173934936523,5,1.5800000000000012,0.0,1.5800000000000012,0.0
36,294,-1.54,103.12911224365234,9.1,85.7,13.5208740234375,2.2549285888671875,0,1109.79296875,8192.0,13.547277450561523,1,1.5400000000000007,0.0,1.5400000000000007,0.0
36,295,-1.56,103.45654964447021,8.4,85.8,13.53207015991211,2.243732452392578,0,1109.79296875,8192.0,13.547277450561523,2,1.5599999999999996,0.0,1.5599999999999996,0.0
36,296,-6.56,103.77815556526184,13.1,85.8,13.541419982910156,2.2343826293945312,0,1109.79296875,8192.0,13.547277450561523,2,1.5599999999999996,0.0,1.5599999999999996,0.0
37,297,-1.56,104.10489201545715,9.1,85.7,13.52566146850586,2.250141143798828,0,1109.79296875,8192.0,13.547277450561523,5,1.5599999999999996,0.0,1.5599999999999996,0.0
37,298,-11.56,104.43004846572876,8.5,85.8,13.533138275146484,2.2425994873046875,0,1109.79296875,8192.0,13.547277450561523,2,1.5599999999999996,0.0,1.5599999999999996,0.0
37,299,0.44,104.75423526763916,11.5,85.8,13.539146423339844,2.2366561889648438,0,1105.04296875,8192.0,13.489294052124023,4,1.5599999999999996,0.0,1.5599999999999996,0.0
37,300,1.44,105.08167243003845,7.1,85.8,13.539474487304688,2.2363662719726562,1,1105.04296875,8192.0,13.489294052124023,5,1.5599999999999996,0.0,1.5599999999999996,0.0
37,301,-3.54,105.40493369102478,10.1,85.7,13.517868041992188,2.2579345703125,1,1105.04296875,8192.0,13.489294052124023,1,1.5400000000000007,0.0,1.5400000000000007,0.0
38,302,-5.54,105.72718906402588,1.9,85.7,13.512081146240234,2.263721466064453,0,1110.60546875,8192.0,13.557195663452148,4,1.5400000000000007,0.0,1.5400000000000007,0.0
38,303,-1.56,106.0546510219574,10.8,85.7,13.51230239868164,2.263500213623047,1,1110.60546875,8192.0,13.557195663452148,0,1.5599999999999996,0.0,1.5599999999999996,0.0
38,304,-1.52,106.37716889381409,4.3,85.6,13.510906219482422,2.2648963928222656,1,1110.60546875,8192.0,13.557195663452148,5,1.519999999999999,0.0,1.519999999999999,0.0
38,305,10.44,106.70167684555054,17.7,85.7,13.523147583007812,2.252674102783203,0,1096.35546875,8192.0,13.383245468139648,4,1.5599999999999996,0.0,1.5599999999999996,0.0
38,306,-1.56,107.02698254585266,16.0,85.8,13.539451599121094,2.2363510131835938,1,1095.66796875,8192.0,13.374853134155273,0,1.5599999999999996,0.0,1.5599999999999996,0.0
38,307,-1.56,107.35267424583435,6.8,85.7,13.519256591796875,2.2564849853515625,1,1095.66796875,8192.0,13.374853134155273,0,1.5599999999999996,0.0,1.5599999999999996,0.0
38,308,-4.56,107.68076682090759,8.5,85.8,13.538997650146484,2.236743927001953,1,1104.35546875,8192.0,13.480901718139648,3,1.5599999999999996,0.0,1.5599999999999996,0.0
38,309,-3.56,108.00610852241516,5.8,85.8,13.536697387695312,2.239105224609375,0,1105.10546875,8192.0,13.490056991577148,1,1.5599999999999996,0.0,1.5599999999999996,0.0
39,310,-1.56,108.3289315700531,3.9,85.7,13.522079467773438,2.25372314453125,0,1105.48046875,8192.0,13.494634628295898,1,1.5599999999999996,0.0,1.5599999999999996,0.0
39,311,5.46,108.65568590164185,15.0,85.7,13.521160125732422,2.2546424865722656,0,1105.79296875,8192.0,13.498449325561523,2,1.5400000000000007,0.0,1.5400000000000007,0.0
39,312,-1.54,108.98169755935669,2.2,85.7,13.513618469238281,2.2621841430664062,0,1105.79296875,8192.0,13.498449325561523,0,1.5400000000000007,0.0,1.5400000000000007,0.0
39,313,-4.54,109.30818343162537,5.9,85.7,13.513191223144531,2.2626113891601562,0,1105.79296875,8192.0,13.498449325561523,3,1.5400000000000007,0.0,1.5400000000000007,0.0
39,314,-0.54,109.6349093914032,2.1,85.7,13.512031555175781,2.2637710571289062,0,1106.29296875,8192.0,13.504552841186523,4,1.5400000000000007,0.0,1.5400000000000007,0.0
39,315,0.48,109.97466516494751,6.0,85.6,13.50506591796875,2.2707366943359375,0,1106.36328125,8192.0,13.505411148071289,5,1.519999999999999,0.0,1.519999999999999,0.0
39,316,-1.5,110.29898166656494,9.2,85.5,13.493968963623047,2.2818336486816406,0,1106.36328125,8192.0,13.505411148071289,0,1.5,0.0,1.5,0.0
39,317,-4.5,110.62620162963867,5.5,85.5,13.492069244384766,2.283733367919922,0,1106.36328125,8192.0,13.505411148071289,3,1.5,0.0,1.5,0.0
40,318,-1.5,110.95377326011658,11.5,85.5,13.494571685791016,2.2811012268066406,0,1100.92578125,8192.0,13.439035415649414,1,1.5,0.0,1.5,0.0
40,319,3.48,111.29075908660889,9.1,85.6,13.500343322753906,2.2754592895507812,0,1100.80078125,8192.0,13.437509536743164,4,1.519999999999999,0.0,1.519999999999999,0.0
40,320,-1.52,111.61217975616455,7.4,85.6,13.50302505493164,2.272777557373047,7,1100.80078125,8192.0,13.437509536743164,0,1.519999999999999,0.0,1.519999999999999,0.0
40,321,-4.52,111.94018483161926,4.0,85.6,13.50241470336914,2.273387908935547,7,1100.80078125,8192.0,13.437509536743164,3,1.519999999999999,0.0,1.519999999999999,0.0
40,322,-3.52,112.26580333709717,13.4,85.7,13.52652359008789,2.249279022216797,7,1100.80078125,8192.0,13.437509536743164,4,1.519999999999999,0.0,1.519999999999999,0.0
40,323,-6.56,112.59595227241516,14.6,85.9,13.553760528564453,2.2220420837402344,0,1100.80078125,8192.0,13.437509536743164,2,1.5599999999999996,0.0,1.5599999999999996,0.0
40,324,-0.58,112.92511701583862,9.6,86.0,13.56277084350586,2.213031768798828,0,1100.30078125,8192.0,13.431406021118164,4,1.5800000000000012,0.0,1.5800000000000012,0.0
41,325,-1.62,113.25370621681213,14.0,86.2,13.595573425292969,2.1802291870117188,0,1096.17578125,8192.0,13.381052017211914,1,1.619999999999999,0.0,1.619999999999999,0.0
41,326,-8.54,113.58242297172546,9.6,85.7,13.523441314697266,2.252361297607422,0,1096.05078125,8192.0,13.379526138305664,2,1.5400000000000007,0.0,1.5400000000000007,0.0
41,327,-1.54,113.91017389297485,8.8,85.8,13.537105560302734,2.2387008666992188,0,1096.05078125,8192.0,13.379526138305664,5,1.5400000000000007,0.0,1.5400000000000007,0.0
41,328,1.42,114.236820936203,2.6,85.8,13.53594970703125,2.2398529052734375,0,1096.05078125,8192.0,13.379526138305664,4,1.5800000000000012,0.0,1.5800000000000012,0.0
41,329,-1.58,114.56369805335999,2.0,85.9,13.554080963134766,2.221721649169922,0,1096.05078125,8192.0,13.379526138305664,0,1.5800000000000012,0.0,1.5800000000000012,0.0
41,330,-7.58,114.88999605178833,10.6,85.9,13.550712585449219,2.2250900268554688,0,1096.05078125,8192.0,13.379526138305664,4,1.5800000000000012,0.0,1.5800000000000012,0.0
41,331,3.42,115.2162926197052,6.5,85.9,13.549503326416016,2.226299285888672,0,1095.80078125,8192.0,13.376474380493164,3,1.5800000000000012,0.0,1.5800000000000012,0.0
41,332,-3.58,115.54439973831177,1.4,85.9,13.545597076416016,2.230937957763672,0,1095.80078125,8192.0,13.376474380493164,4,1.5800000000000012,0.0,1.5800000000000012,0.0
42,333,-1.58,115.86648559570312,1.4,85.8,13.542598724365234,2.233203887939453,0,1095.80078125,8192.0,13.376474380493164,0,1.5800000000000012,0.0,1.5800000000000012,0.0
42,334,-1.56,116.19408798217773,4.0,85.8,13.541732788085938,2.23406982421875,0,1095.80078125,8192.0,13.376474380493164,4,1.5599999999999996,0.0,1.5599999999999996,0.0
42,335,-1.5,116.51877927780151,1.5,85.5,13.492218017578125,2.2835845947265625,0,1095.80078125,8192.0,13.376474380493164,2,1.5,0.0,1.5,0.0
42,336,-3.5,116.84577131271362,3.8,85.5,13.492427825927734,2.283397674560547,0,1095.55078125,8192.0,13.373422622680664,4,1.5,0.0,1.5,0.0
42,337,-1.5,117.17504668235779,14.4,85.5,13.487659454345703,2.2881431579589844,0,1095.55078125,8192.0,13.373422622680664,0,1.5,0.0,1.5,0.0
42,338,-1.5,117.49571132659912,3.3,85.5,13.487083435058594,2.2887191772460938,0,1095.55078125,8192.0,13.373422622680664,1,1.5,0.0,1.5,0.0
42,339,0.5,117.82018208503723,4.4,85.5,13.48800277709961,2.287799835205078,0,1099.23828125,8192.0,13.418436050415039,5,1.5,0.0,1.5,0.0
42,340,-1.5,118.14665651321411,1.4,85.5,13.487110137939453,2.2886924743652344,1,1104.30078125,8192.0,13.480234146118164,2,1.5,0.0,1.5,0.0
42,341,-4.5,118.46904826164246,1.8,85.5,13.482513427734375,2.2932891845703125,1,1104.30078125,8192.0,13.480234146118164,3,1.5,0.0,1.5,0.0
43,342,-1.5,118.79262089729309,6.2,85.5,13.482738494873047,2.2930641174316406,0,1104.30078125,8192.0,13.480234146118164,5,1.5,0.0,1.5,0.0
43,343,-3.5,119.11986303329468,13.7,85.4,13.478565216064453,2.2972373962402344,0,1104.30078125,8192.0,13.480234146118164,5,1.5,0.0,1.5,0.0
43,344,-1.5,119.44471049308777,5.5,85.5,13.49233627319336,2.283466339111328,0,1104.30078125,8192.0,13.480234146118164,5,1.5,0.0,1.5,0.0
43,345,-1.5,119.76987838745117,10.7,85.5,13.48321533203125,2.2925872802734375,0,1104.30078125,8192.0,13.480234146118164,1,1.5,0.0,1.5,0.0
43,346,0.5,120.09377956390381,21.2,85.5,13.481876373291016,2.293926239013672,0,1103.73828125,8192.0,13.473367691040039,3,1.5,0.0,1.5,0.0
43,347,0.5,120.4186897277832,4.0,85.5,13.481121063232422,2.2946815490722656,0,1110.42578125,8192.0,13.555002212524414,4,1.5,0.0,1.5,0.0
43,348,-6.5,120.74181818962097,19.8,85.5,13.482440948486328,2.2933616638183594,1,1110.42578125,8192.0,13.555002212524414,3,1.5,0.0,1.5,0.0
44,349,-1.48,121.066162109375,2.9,85.4,13.473030090332031,2.3027725219726562,0,1110.42578125,8192.0,13.555002212524414,2,1.4800000000000013,0.0,1.4800000000000013,0.0
44,350,-1.48,121.39054369926453,8.7,85.4,13.473869323730469,2.3019332885742188,0,1110.42578125,8192.0,13.555002212524414,3,1.4800000000000013,0.0,1.4800000000000013,0.0
44,351,0.52,121.71488833427429,6.1,85.4,13.47414779663086,2.301654815673828,0,1110.42578125,8192.0,13.555002212524414,5,1.4800000000000013,0.0,1.4800000000000013,0.0
44,352,-1.48,122.05912017822266,2.5,85.4,13.472915649414062,2.302886962890625,0,1110.42578125,8192.0,13.555002212524414,0,1.4800000000000013,0.0,1.4800000000000013,0.0
44,353,-1.48,122.38518214225769,4.5,85.4,13.469715118408203,2.3060874938964844,0,1103.48046875,8192.0,13.470220565795898,0,1.4800000000000013,0.0,1.4800000000000013,0.0
44,354,0.52,122.71468734741211,3.2,85.4,13.469711303710938,2.3064727783203125,0,1103.48046875,8192.0,13.470220565795898,4,1.4800000000000013,0.0,1.4800000000000013,0.0
44,355,-3.48,123.0427508354187,2.1,85.4,13.469650268554688,2.30615234375,2,1103.04296875,8192.0,13.464879989624023,4,1.4800000000000013,0.0,1.4800000000000013,0.0
44,356,0.52,123.36740517616272,12.0,85.4,13.475879669189453,2.2999229431152344,2,1108.73046875,8192.0,13.534307479858398,5,1.4800000000000013,0.0,1.4800000000000013,0.0
44,357,-1.46,123.69266295433044,6.2,85.3,13.464385986328125,2.3114166259765625,13,1168.265625,8192.0,14.261054992675781,0,1.4599999999999995,0.0,1.4599999999999995,0.0
44,358,-3.48,124.01628136634827,17.3,85.4,13.473304748535156,2.3024978637695312,4,1164.890625,8192.0,14.219856262207031,1,1.4800000000000013,0.0,1.4800000000000013,0.0
45,359,0.52,124.34800553321838,3.4,85.3,13.462055206298828,2.3137474060058594,4,1164.1484375,8192.0,14.210796356201172,2,1.4800000000000013,0.0,1.4800000000000013,0.0
45,360,1.54,124.67672657966614,16.7,85.3,13.462501525878906,2.3133010864257812,6,1159.0546875,8192.0,14.148616790771484,5,1.4599999999999995,0.0,1.4599999999999995,0.0
45,361,6.54,124.99689745903015,11.6,85.3,13.459526062011719,2.3162765502929688,7,1154.4296875,8192.0,14.092159271240234,5,1.4599999999999995,0.0,1.4599999999999995,0.0
45,362,-9.46,125.32059073448181,8.0,85.3,13.455829620361328,2.3199729919433594,7,1151.3671875,8192.0,14.05477523803711,2,1.4599999999999995,0.0,1.4599999999999995,0.0
45,363,-1.46,125.66368627548218,5.5,85.3,13.456478118896484,2.319324493408203,1,1151.3671875,8192.0,14.05477523803711,0,1.4599999999999995,0.0,1.4599999999999995,0.0
45,364,0.56,125.98825812339783,2.7,85.2,13.447986602783203,2.3278160095214844,2,1142.9296875,8192.0,13.951778411865234,4,1.4400000000000006,0.0,1.4400000000000006,0.0
46,365,-0.44,126.31199812889099,13.2,85.2,13.447074890136719,2.3287277221679688,2,1142.9296875,8192.0,13.951778411865234,5,1.4400000000000006,0.0,1.4400000000000006,0.0
46,366,0.56,126.65125155448914,5.7,85.2,13.44369888305664,2.332103729248047,1,1137.6484375,8192.0,13.887310028076172,4,1.4400000000000006,0.0,1.4400000000000006,0.0
46,367,-1.44,126.99245023727417,1.2,85.2,13.440933227539062,2.334869384765625,1,1119.2109375,8192.0,13.662242889404297,0,1.4400000000000006,0.0,1.4400000000000006,0.0
46,368,-1.44,127.32229542732239,7.0,85.2,13.438247680664062,2.337554931640625,1,1109.8671875,8192.0,13.54818344116211,1,1.4400000000000006,0.0,1.4400000000000006,0.0
46,369,3.6,127.6481626033783,4.1,85.0,13.417091369628906,2.3587112426757812,4,1126.1171875,8192.0,13.74654769897461,1,1.4000000000000001,0.0,1.4000000000000001,0.0
46,370,-1.44,127.97052645683289,9.0,85.2,13.436588287353516,2.339214324951172,4,1131.0859375,8192.0,13.807201385498047,2,1.4400000000000006,0.0,1.4400000000000006,0.0
46,371,-1.44,128.2984743118286,22.8,85.4,13.46725082397461,2.308551788330078,5,1135.7421875,8192.0,13.86404037475586,3,1.4400000000000006,0.0,1.4400000000000006,0.0
46,372,-8.48,128.64261531829834,7.6,85.5,13.48190689086914,2.293895721435547,9,1139.9921875,8192.0,13.91592025756836,4,1.4800000000000013,0.0,1.4800000000000013,0.0
47,373,2.5,128.96715426445007,18.0,85.5,13.485282897949219,2.2905197143554688,9,1138.4921875,8192.0,13.89760971069336,3,1.5,0.0,1.5,0.0
47,374,-1.5,129.29566049575806,9.2,85.5,13.4825439453125,2.2932586669921875,7,1138.4921875,8192.0,13.89760971069336,1,1.5,0.0,1.5,0.0
47,375,-0.5,129.61992573738098,11.7,85.4,13.480182647705078,2.2956199645996094,8,1138.7421875,8192.0,13.90066146850586,4,1.5,0.0,1.5,0.0
47,376,-1.5,129.9460208415985,10.5,85.9,13.558971405029297,2.216766357421875,8,1140.9921875,8192.0,13.92812728881836,1,1.5,0.0,1.5,0.0
47,377,0.42,130.27012014389038,9.6,86.0,13.57040023803711,2.205402374267578,6,1140.9921875,8192.0,13.92812728881836,5,1.5800000000000012,0.0,1.5800000000000012,0.0
47,378,-1.6,130.59287428855896,17.5,86.0,13.565399169921875,2.2104034423828125,4,1133.7109375,8192.0,13.839244842529297,1,1.6,0.0,1.6,0.0
47,379,-1.52,130.91778087615967,2.3,85.6,13.49917221069336,2.276630401611328,4,1133.7109375,8192.0,13.839244842529297,0,1.519999999999999,0.0,1.519999999999999,0.0
47,380,-4.5,131.2438576221466,1.8,85.5,13.49368667602539,2.282115936279297,1,1133.7109375,8192.0,13.839244842529297,2,1.5,0.0,1.5,0.0
47,381,-3.5,131.58404207229614,1.4,85.4,13.478797912597656,2.2970046997070312,1,1125.2734375,8192.0,13.736248016357422,4,1.5,0.0,1.5,0.0
48,382,1.52,131.92532563209534,8.7,85.4,13.476375579833984,2.299427032470703,1,1125.2734375,8192.0,13.736248016357422,5,1.4800000000000013,0.0,1.4800000000000013,0.0
48,383,-4.5,132.26345539093018,17.6,85.5,13.48980712890625,2.2859954833984375,3,1133.4609375,8192.0,13.836193084716797,3,1.5,0.0,1.5,0.0
48,384,0.5,132.79507684707642,8.3,85.6,13.496299743652344,2.2795028686523438,20,1122.6484375,8192.0,13.704204559326172,4,1.5,0.0,1.5,0.0
48,385,-3.52,133.13878059387207,19.0,85.6,13.499889373779297,2.2759132385253906,10,1122.5859375,8192.0,13.703441619873047,2,1.519999999999999,0.0,1.519999999999999,0.0
48,386,-3.52,133.4645755290985,14.0,85.6,13.499397277832031,2.2764053344726562,10,1117.9609375,8192.0,13.646984100341797,4,1.519999999999999,0.0,1.519999999999999,0.0
49,387,-1.5,133.78904795646667,14.1,85.5,13.492061614990234,2.2837448120117188,10,1112.5859375,8192.0,13.581371307373047,1,1.5,0.0,1.5,0.0
49,388,-0.48,134.11870408058167,9.1,85.4,13.469791412353516,2.306011199951172,9,1112.2109375,8192.0,13.576793670654297,3,1.4800000000000013,0.0,1.4800000000000013,0.0
49,389,1.52,134.4458303451538,8.3,85.4,13.471244812011719,2.3045578002929688,9,1111.5859375,8192.0,13.569164276123047,1,1.4800000000000013,0.0,1.4800000000000013,0.0
49,390,-1.48,134.7715916633606,9.6,85.4,13.467880249023438,2.308063507080078,7,1111.5859375,8192.0,13.569164276123047,5,1.4800000000000013,0.0,1.4800000000000013,0.0
49,391,-1.48,135.0951988697052,9.3,85.4,13.474098205566406,2.3017044067382812,6,1110.1484375,8192.0,13.551616668701172,2,1.4800000000000013,0.0,1.4800000000000013,0.0
49,392,-3.48,135.42177987098694,6.6,85.4,13.475212097167969,2.3005905151367188,6,1110.1484375,8192.0,13.551616668701172,5,1.4800000000000013,0.0,1.4800000000000013,0.0
49,393,-1.48,135.74620962142944,2.8,85.4,13.467365264892578,2.3084373474121094,2,1101.0859375,8192.0,13.440990447998047,1,1.4800000000000013,0.0,1.4800000000000013,0.0
49,394,-4.48,136.0724275112152,7.0,85.3,13.464366912841797,2.3114356994628906,2,1101.0859375,8192.0,13.440990447998047,2,1.4800000000000013,0.0,1.4800000000000013,0.0
49,395,0.54,136.4128110408783,0.0,85.3,13.457221984863281,2.3185806274414062,2,1099.2734375,8192.0,13.418865203857422,3,1.4599999999999995,0.0,1.4599999999999995,0.0
50,396,11.54,136.76472759246826,6.1,85.3,13.462417602539062,2.313385009765625,3,1094.5234375,8192.0,13.360881805419922,5,1.4599999999999995,0.0,1.4599999999999995,0.0
50,397,-1.46,137.0919988155365,20.3,85.3,13.464225769042969,2.3115768432617188,2,1094.5234375,8192.0,13.360881805419922,0,1.4599999999999995,0.0,1.4599999999999995,0.0
50,398,3.54,137.42007160186768,5.3,85.3,13.459457397460938,2.31634521484375,2,1094.5234375,8192.0,13.360881805419922,1,1.4599999999999995,0.0,1.4599999999999995,0.0
50,399,-1.46,137.74180126190186,23.8,85.9,13.551429748535156,2.2243728637695312,3,1094.5234375,8192.0,13.360881805419922,1,1.4599999999999995,0.0,1.4599999999999995,0.0
50,400,-1.56,138.08098340034485,10.2,85.9,13.548450469970703,2.2273521423339844,1,1093.1484375,8192.0,13.344097137451172,0,1.5599999999999996,0.0,1.5599999999999996,0.0
50,401,-1.56,138.40417861938477,4.0,85.8,13.535507202148438,2.24029541015625,1,1093.1484375,8192.0,13.344097137451172,0,1.5599999999999996,0.0,1.5599999999999996,0.0
50,402,0.44,138.73192191123962,7.8,85.8,13.535648345947266,2.240154266357422,2,1093.3359375,8192.0,13.346385955810547,1,1.5599999999999996,0.0,1.5599999999999996,0.0
50,403,-1.56,139.0746293067932,5.8,85.8,13.533401489257812,2.242401123046875,1,1093.3359375,8192.0,13.346385955810547,2,1.5599999999999996,0.0,1.5599999999999996,0.0
51,404,0.44,139.3989725112915,11.6,85.8,13.533897399902344,2.2419052124023438,1,1093.3359375,8192.0,13.346385955810547,4,1.5599999999999996,0.0,1.5599999999999996,0.0
51,405,-3.56,139.74196434020996,2.5,85.8,13.5347900390625,2.2410125732421875,2,1093.3359375,8192.0,13.346385955810547,4,1.5599999999999996,0.0,1.5599999999999996,0.0
51,406,-4.56,140.0675892829895,3.6,85.8,13.538360595703125,2.2374420166015625,1,1091.2734375,8192.0,13.321208953857422,3,1.5599999999999996,0.0,1.5599999999999996,0.0
51,407,-1.56,140.39160203933716,0.7,85.8,13.539154052734375,2.2366485595703125,1,1091.2734375,8192.0,13.321208953857422,0,1.5599999999999996,0.0,1.5599999999999996,0.0
51,408,-5.56,140.71820735931396,31.9,85.8,13.541362762451172,2.2344398498535156,2,1091.2734375,8192.0,13.321208953857422,4,1.5599999999999996,0.0,1.5599999999999996,0.0
51,409,-1.56,141.04634380340576,5.7,85.8,13.536182403564453,2.2396202087402344,1,1091.2734375,8192.0,13.321208953857422,0,1.5599999999999996,0.0,1.5599999999999996,0.0
51,410,5.44,141.37693428993225,3.3,85.8,13.54034423828125,2.2354583740234375,1,1091.2734375,8192.0,13.321208953857422,5,1.5599999999999996,0.0,1.5599999999999996,0.0
52,411,-1.56,141.6990294456482,4.0,85.8,13.540653228759766,2.235149383544922,2,1091.2734375,8192.0,13.321208953857422,3,1.5599999999999996,0.0,1.5599999999999996,0.0
52,412,-0.58,142.0267641544342,2.6,85.9,13.544048309326172,2.2317543029785156,1,1091.2734375,8192.0,13.321208953857422,5,1.5800000000000012,0.0,1.5800000000000012,0.0
52,413,0.42,142.36360883712769,6.1,85.9,13.544387817382812,2.231414794921875,1,1091.2734375,8192.0,13.321208953857422,4,1.5800000000000012,0.0,1.5800000000000012,0.0
52,414,-1.58,142.69243168830872,2.1,85.9,13.544841766357422,2.2309608459472656,2,1091.2734375,8192.0,13.321208953857422,0,1.5800000000000012,0.0,1.5800000000000012,0.0
52,415,-1.58,143.01993489265442,3.3,85.9,13.54525375366211,2.230548858642578,1,1091.2734375,8192.0,13.321208953857422,2,1.5800000000000012,0.0,1.5800000000000012,0.0
52,416,-3.58,143.34956431388855,7.3,85.9,13.545570373535156,2.2302322387695312,1,1091.2734375,8192.0,13.321208953857422,5,1.5800000000000012,0.0,1.5800000000000012,0.0
52,417,-1.58,143.67392086982727,2.6,85.9,13.544334411621094,2.2314682006835938,2,1099.7109375,8192.0,13.424205780029297,0,1.5800000000000012,0.0,1.5800000000000012,0.0
52,418,-4.58,143.99776434898376,7.2,85.9,13.54465103149414,2.231151580810547,1,1099.7109375,8192.0,13.424205780029297,3,1.5800000000000012,0.0,1.5800000000000012,0.0
52,419,-1.58,144.34101366996765,4.8,85.9,13.549980163574219,2.2258224487304688,1,1091.2734375,8192.0,13.321208953857422,1,1.5800000000000012,0.0,1.5800000000000012,0.0
53,420,-1.58,144.66384291648865,5.5,85.9,13.55535888671875,2.2204437255859375,2,1091.2734375,8192.0,13.321208953857422,0,1.5800000000000012,0.0,1.5800000000000012,0.0
53,421,-3.58,145.00627183914185,7.1,85.9,13.555732727050781,2.2200698852539062,1,1091.2734375,8192.0,13.321208953857422,3,1.5800000000000012,0.0,1.5800000000000012,0.0
53,422,-3.58,145.3321545124054,9.2,85.9,13.557456970214844,2.2183456420898438,1,1091.2734375,8192.0,13.321208953857422,4,1.5800000000000012,0.0,1.5800000000000012,0.0
53,423,3.42,145.65567207336426,12.2,85.9,13.556987762451172,2.2188148498535156,2,1091.2734375,8192.0,13.321208953857422,1,1.5800000000000012,0.0,1.5800000000000012,0.0
53,424,-1.58,145.98532891273499,4.2,85.9,13.558055877685547,2.2177467346191406,1,1091.2734375,8192.0,13.321208953857422,1,1.5800000000000012,0.0,1.5800000000000012,0.0
53,425,-1.5,146.3231246471405,6.1,85.5,13.483840942382812,2.291961669921875,1,1091.1484375,8192.0,13.319683074951172,5,1.5,0.0,1.5,0.0
53,426,-3.5,146.64883303642273,5.6,85.6,13.511825561523438,2.26397705078125,2,1091.1484375,8192.0,13.319683074951172,4,1.5,0.0,1.5,0.0
53,427,0.44,147.01022505760193,9.0,85.8,13.53134536743164,2.244457244873047,1,1091.1484375,8192.0,13.319683074951172,5,1.5599999999999996,0.0,1.5599999999999996,0.0
54,428,6.44,147.34017395973206,18.0,85.8,13.535335540771484,2.240467071533203,1,1091.1484375,8192.0,13.319683074951172,4,1.5599999999999996,0.0,1.5599999999999996,0.0
54,429,-1.58,147.67250776290894,16.7,85.9,13.555339813232422,2.2204627990722656,2,1090.9609375,8192.0,13.317394256591797,2,1.5800000000000012,0.0,1.5800000000000012,0.0
54,430,0.4,147.99956250190735,21.4,86.0,13.567398071289062,2.208362579345703,1,1090.9609375,8192.0,13.317394256591797,5,1.6,0.0,1.6,0.0
54,431,-1.62,148.32899498939514,15.6,86.0,13.570732116699219,2.2050704956054688,1,1090.9609375,8192.0,13.317394256591797,0,1.619999999999999,0.0,1.619999999999999,0.0
54,432,-6.62,148.65983533859253,10.6,86.2,13.5966796875,2.1791229248046875,2,1090.9609375,8192.0,13.317394256591797,1,1.619999999999999,0.0,1.619999999999999,0.0
54,433,-1.5,148.987557888031,12.3,85.5,13.486637115478516,2.289165496826172,2,1104.2109375,8192.0,13.479137420654297,0,1.5,0.0,1.5,0.0
54,434,-1.5,149.32865166664124,5.7,85.5,13.485965728759766,2.2900352478027344,2,1095.7734375,8192.0,13.376140594482422,0,1.5,0.0,1.5,0.0
54,435,-3.5,149.65415954589844,10.1,85.4,13.473430633544922,2.3023719787597656,2,1095.7734375,8192.0,13.376140594482422,2,1.5,0.0,1.5,0.0
54,436,-3.48,149.9797704219818,10.0,85.4,13.474990844726562,2.300811767578125,2,1100.6484375,8192.0,13.435649871826172,4,1.4800000000000013,0.0,1.4800000000000013,0.0
55,437,-1.48,150.30885934829712,2.9,85.4,13.47409439086914,2.301708221435547,3,1100.6484375,8192.0,13.435649871826172,1,1.4800000000000013,0.0,1.4800000000000013,0.0
55,438,-1.48,150.63670229911804,0.8,85.4,13.474597930908203,2.3012046813964844,2,1100.6484375,8192.0,13.435649871826172,0,1.4800000000000013,0.0,1.4800000000000013,0.0
55,439,-1.48,150.97927451133728,5.6,85.4,13.471572875976562,2.304229736328125,2,1100.6484375,8192.0,13.435649871826172,1,1.4800000000000013,0.0,1.4800000000000013,0.0
55,440,-1.46,151.30695509910583,3.8,85.3,13.463493347167969,2.3123092651367188,2,1100.6484375,8192.0,13.435649871826172,2,1.4599999999999995,0.0,1.4599999999999995,0.0
55,441,2.52,151.63384413719177,1.9,85.4,13.465808868408203,2.3099937438964844,2,1100.6484375,8192.0,13.435649871826172,2,1.4800000000000013,0.0,1.4800000000000013,0.0
55,442,-6.48,151.96264266967773,6.3,85.4,13.465106964111328,2.3106956481933594,2,1096.5234375,8192.0,13.385295867919922,2,1.4800000000000013,0.0,1.4800000000000013,0.0
55,443,-4.48,152.29082798957825,2.6,85.4,13.46506118774414,2.310741424560547,2,1096.5234375,8192.0,13.385295867919922,3,1.4800000000000013,0.0,1.4800000000000013,0.0
55,444,-3.46,152.6153585910797,12.4,85.3,13.458732604980469,2.3170700073242188,2,1111.3984375,8192.0,13.566875457763672,5,1.4599999999999995,0.0,1.4599999999999995,0.0
55,445,-0.46,152.94470238685608,8.7,85.3,13.457801818847656,2.3180007934570312,2,1108.2109375,8192.0,13.527965545654297,5,1.4599999999999995,0.0,1.4599999999999995,0.0
56,446,-1.46,153.27397990226746,3.9,85.3,13.457862854003906,2.3179397583007812,8,1115.9609375,8192.0,13.622570037841797,2,1.4599999999999995,0.0,1.4599999999999995,0.0
56,447,-5.48,153.6016881465912,9.5,85.3,13.46097183227539,2.314830780029297,2,1115.9609375,8192.0,13.622570037841797,3,1.4800000000000013,0.0,1.4800000000000013,0.0
56,448,-1.46,153.941663980484,3.5,85.3,13.455196380615234,2.320606231689453,2,1119.3671875,8192.0,13.66415023803711,1,1.4599999999999995,0.0,1.4599999999999995,0.0
56,449,-1.48,154.26364088058472,12.3,85.4,13.465221405029297,2.3105812072753906,5,1120.6796875,8192.0,13.680171966552734,0,1.4800000000000013,0.0,1.4800000000000013,0.0
56,450,1.52,154.58844757080078,8.4,85.4,13.468063354492188,2.3077392578125,7,1112.2421875,8192.0,13.57717514038086,4,1.4800000000000013,0.0,1.4800000000000013,0.0
56,451,-3.48,154.92205286026,2.8,85.4,13.469314575195312,2.306488037109375,7,1116.1796875,8192.0,13.625240325927734,4,1.4800000000000013,0.0,1.4800000000000013,0.0
56,452,0.54,155.24277472496033,2.8,85.3,13.460880279541016,2.314922332763672,3,1116.1796875,8192.0,13.625240325927734,5,1.4599999999999995,0.0,1.4599999999999995,0.0
56,453,5.54,155.57294034957886,3.1,85.3,13.456146240234375,2.3196563720703125,3,1116.1796875,8192.0,13.625240325927734,5,1.4599999999999995,0.0,1.4599999999999995,0.0
57,454,7.54,155.90085458755493,7.2,85.3,13.450508117675781,2.3252906799316406,3,1110.8359375,8192.0,13.560009002685547,4,1.4599999999999995,0.0,1.4599999999999995,0.0
57,455,-3.42,156.22509956359863,6.5,85.2,13.436798095703125,2.3390655517578125,7,1122.0234375,8192.0,13.696575164794922,4,1.419999999999999,0.0,1.419999999999999,0.0
57,456,-1.44,156.55515789985657,2.4,85.1,13.430313110351562,2.345489501953125,2,1122.0234375,8192.0,13.696575164794922,2,1.4400000000000006,0.0,1.4400000000000006,0.0
57,457,-1.42,156.88066959381104,5.2,85.1,13.429790496826172,2.3460121154785156,2,1122.0234375,8192.0,13.696575164794922,0,1.419999999999999,0.0,1.419999999999999,0.0
57,458,0.58,157.21074676513672,0.6,85.1,13.427974700927734,2.347827911376953,1,1121.8359375,8192.0,13.694286346435547,5,1.419999999999999,0.0,1.419999999999999,0.0
57,459,-5.42,157.5367624759674,4.6,85.1,13.428386688232422,2.3474159240722656,2,1121.8359375,8192.0,13.694286346435547,4,1.419999999999999,0.0,1.419999999999999,0.0
58,460,-1.44,157.86268997192383,10.0,85.1,13.429450988769531,2.3463516235351562,2,1121.1484375,8192.0,13.685894012451172,2,1.4400000000000006,0.0,1.4400000000000006,0.0
58,461,-1.42,158.18963384628296,11.6,85.1,13.43075180053711,2.345050811767578,1,1117.7734375,8192.0,13.644695281982422,1,1.419999999999999,0.0,1.419999999999999,0.0
58,462,7.56,158.51296424865723,4.7,85.2,13.439441680908203,2.3363609313964844,2,1117.7734375,8192.0,13.644695281982422,1,1.4400000000000006,0.0,1.4400000000000006,0.0
58,463,-6.44,158.8394079208374,4.3,85.2,13.439708709716797,2.3360939025878906,2,1117.7734375,8192.0,13.644695281982422,4,1.4400000000000006,0.0,1.4400000000000006,0.0
58,464,1.56,159.16416573524475,1.6,85.2,13.44217300415039,2.333629608154297,2,1123.0234375,8192.0,13.708782196044922,3,1.4400000000000006,0.0,1.4400000000000006,0.0
58,465,-1.44,159.4881501197815,4.7,85.2,13.4375,2.3383026123046875,2,1114.5859375,8192.0,13.605785369873047,1,1.4400000000000006,0.0,1.4400000000000006,0.0
58,466,0.56,159.811044216156,10.2,85.2,13.436344146728516,2.339458465576172,2,1113.3984375,8192.0,13.591289520263672,5,1.4400000000000006,0.0,1.4400000000000006,0.0
59,467,-1.44,160.1361472606659,7.1,85.2,13.440177917480469,2.3356246948242188,2,1113.3984375,8192.0,13.591289520263672,2,1.4400000000000006,0.0,1.4400000000000006,0.0
59,468,-1.44,160.4621820449829,12.4,85.2,13.44186782836914,2.333934783935547,2,1113.3984375,8192.0,13.591289520263672,3,1.4400000000000006,0.0,1.4400000000000006,0.0
59,469,-3.44,160.78834629058838,5.5,85.2,13.43997573852539,2.335826873779297,2,1104.8359375,8192.0,13.486766815185547,4,1.4400000000000006,0.0,1.4400000000000006,0.0
59,470,-4.44,161.11575055122375,8.5,85.2,13.442611694335938,2.33319091796875,2,1104.8359375,8192.0,13.486766815185547,3,1.4400000000000006,0.0,1.4400000000000006,0.0
59,471,0.56,161.4427502155304,7.0,85.3,13.45199203491211,2.323810577392578,2,1104.8359375,8192.0,13.486766815185547,5,1.4400000000000006,0.0,1.4400000000000006,0.0
59,472,-1.46,161.7700231075287,14.4,85.3,13.455696105957031,2.3201065063476562,8,1104.8359375,8192.0,13.486766815185547,0,1.4599999999999995,0.0,1.4599999999999995,0.0
59,473,-1.46,162.09694957733154,13.7,85.2,13.447490692138672,2.3283119201660156,2,1104.8359375,8192.0,13.486766815185547,2,1.4599999999999995,0.0,1.4599999999999995,0.0
60,474,-4.44,162.4256181716919,4.3,85.2,13.448066711425781,2.3277359008789062,2,1104.8359375,8192.0,13.486766815185547,4,1.4400000000000006,0.0,1.4400000000000006,0.0
60,475,-3.44,162.7532343864441,7.4,85.3,13.454853057861328,2.3209495544433594,2,1104.8359375,8192.0,13.486766815185547,4,1.4400000000000006,0.0,1.4400000000000006,0.0
60,476,0.54,163.08090925216675,11.0,85.3,13.454086303710938,2.32171630859375,3,1104.8359375,8192.0,13.486766815185547,5,1.4599999999999995,0.0,1.4599999999999995,0.0
60,477,-1.46,163.40778613090515,10.4,85.3,13.45107650756836,2.324726104736328,3,1104.7109375,8192.0,13.485240936279297,0,1.4599999999999995,0.0,1.4599999999999995,0.0
60,478,-0.46,163.73578548431396,8.9,85.3,13.450061798095703,2.3257408142089844,3,1104.7109375,8192.0,13.485240936279297,4,1.4599999999999995,0.0,1.4599999999999995,0.0
60,479,5.54,164.0643458366394,5.0,85.3,13.450336456298828,2.3254661560058594,1,1113.2734375,8192.0,13.589763641357422,5,1.4599999999999995,0.0,1.4599999999999995,0.0
61,480,-1.44,164.39195227622986,12.7,85.2,13.446582794189453,2.3292198181152344,1,1113.2734375,8192.0,13.589763641357422,2,1.4400000000000006,0.0,1.4400000000000006,0.0
61,481,-3.44,164.71803879737854,11.8,85.2,13.442420959472656,2.3333816528320312,2,1104.8359375,8192.0,13.486766815185547,3,1.4400000000000006,0.0,1.4400000000000006,0.0
61,482,-1.44,165.04791069030762,10.9,85.2,13.442108154296875,2.3336944580078125,1,1104.8359375,8192.0,13.486766815185547,1,1.4400000000000006,0.0,1.4400000000000006,0.0
61,483,1.56,165.3749294281006,17.2,85.2,13.441524505615234,2.334278106689453,1,1104.7109375,8192.0,13.485240936279297,4,1.4400000000000006,0.0,1.4400000000000006,0.0
61,484,1.56,165.70359897613525,11.7,85.2,13.441204071044922,2.3345985412597656,2,1104.7109375,8192.0,13.485240936279297,4,1.4400000000000006,0.0,1.4400000000000006,0.0
61,485,-1.44,166.0317838191986,24.2,85.2,13.442970275878906,2.3328323364257812,1,1104.7109375,8192.0,13.485240936279297,1,1.4400000000000006,0.0,1.4400000000000006,0.0
61,486,0.56,166.35747981071472,12.2,85.2,13.442852020263672,2.3329505920410156,1,1104.7109375,8192.0,13.485240936279297,5,1.4400000000000006,0.0,1.4400000000000006,0.0
61,487,-4.44,166.68736481666565,19.0,85.2,13.441974639892578,2.3338279724121094,2,1100.5234375,8192.0,13.434123992919922,3,1.4400000000000006,0.0,1.4400000000000006,0.0
62,488,2.56,167.01428842544556,14.0,85.2,13.442882537841797,2.3329200744628906,7,1100.2734375,8192.0,13.431072235107422,4,1.4400000000000006,0.0,1.4400000000000006,0.0
62,489,-1.44,167.34294748306274,12.4,85.2,13.441844940185547,2.3339576721191406,7,1100.2734375,8192.0,13.431072235107422,0,1.4400000000000006,0.0,1.4400000000000006,0.0
62,490,-1.44,167.66715049743652,13.9,85.2,13.437862396240234,2.3380279541015625,2,1100.2734375,8192.0,13.431072235107422,1,1.4400000000000006,0.0,1.4400000000000006,0.0
62,491,-5.42,167.9939215183258,14.1,85.1,13.43121337890625,2.3445892333984375,2,1109.0234375,8192.0,13.537883758544922,2,1.419999999999999,0.0,1.419999999999999,0.0
62,492,-1.4,168.32013773918152,13.0,85.0,13.403278350830078,2.3725242614746094,2,1116.0234375,8192.0,13.623332977294922,1,1.4000000000000001,0.0,1.4000000000000001,0.0
62,493,-1.38,168.643896818161,9.1,84.9,13.401119232177734,2.374683380126953,2,1116.0234375,8192.0,13.623332977294922,0,1.3800000000000012,0.0,1.3800000000000012,0.0
62,494,-4.38,168.97277927398682,8.9,84.9,13.401180267333984,2.374622344970703,2,1115.7109375,8192.0,13.619518280029297,3,1.3800000000000012,0.0,1.3800000000000012,0.0
62,495,-3.38,169.29914689064026,14.2,84.9,13.399166107177734,2.376636505126953,8,1123.5859375,8192.0,13.715648651123047,4,1.3800000000000012,0.0,1.3800000000000012,0.0
63,496,-1.38,169.62375593185425,16.4,84.9,13.39892578125,2.3768768310546875,4,1115.1484375,8192.0,13.612651824951172,0,1.3800000000000012,0.0,1.3800000000000012,0.0
63,497,-1.4,169.95260381698608,16.6,85.0,13.404258728027344,2.371570587158203,4,1131.2109375,8192.0,13.808727264404297,4,1.4000000000000001,0.0,1.4000000000000001,0.0
63,498,-3.38,170.2768211364746,8.6,84.9,13.400909423828125,2.3748931884765625,7,1128.3671875,8192.0,13.77401351928711,3,1.3800000000000012,0.0,1.3800000000000012,0.0
63,499,-1.38,170.60202431678772,6.2,84.9,13.399173736572266,2.376628875732422,0,1118.7421875,8192.0,13.65652084350586,1,1.3800000000000012,0.0,1.3800000000000012,0.0
63,500,1.6,170.92982840538025,9.0,85.0,13.401897430419922,2.3739051818847656,0,1117.4921875,8192.0,13.64126205444336,2,1.4000000000000001,0.0,1.4000000000000001,0.0
63,501,-3.4,171.2554121017456,7.8,84.9,13.401191711425781,2.3746109008789062,0,1117.4921875,8192.0,13.64126205444336,5,1.4000000000000001,0.0,1.4000000000000001,0.0
63,502,-1.38,171.57816314697266,14.6,84.9,13.398303985595703,2.3774986267089844,1,1116.8046875,8192.0,13.632869720458984,1,1.3800000000000012,0.0,1.3800000000000012,0.0
63,503,-4.38,171.90350604057312,8.5,84.9,13.397941589355469,2.3778610229492188,1,1116.8046875,8192.0,13.632869720458984,2,1.3800000000000012,0.0,1.3800000000000012,0.0
63,504,-1.38,172.2283866405487,13.1,84.9,13.39731216430664,2.378490447998047,0,1111.3984375,8192.0,13.566875457763672,0,1.3800000000000012,0.0,1.3800000000000012,0.0
63,505,6.62,172.55646586418152,7.9,84.9,13.397102355957031,2.3787002563476562,1,1111.3984375,8192.0,13.566875457763672,3,1.3800000000000012,0.0,1.3800000000000012,0.0
64,506,0.62,172.8833508491516,11.3,84.9,13.395374298095703,2.3804283142089844,1,1111.3984375,8192.0,13.566875457763672,1,1.3800000000000012,0.0,1.3800000000000012,0.0
64,507,-1.38,173.20998644828796,3.2,84.9,13.394107818603516,2.381694793701172,0,1111.3984375,8192.0,13.566875457763672,1,1.3800000000000012,0.0,1.3800000000000012,0.0
64,508,-3.38,173.5389051437378,6.7,84.9,13.394176483154297,2.3816261291503906,2,1108.6484375,8192.0,13.533306121826172,4,1.3800000000000012,0.0,1.3800000000000012,0.0
64,509,1.62,173.8658905029297,6.6,84.9,13.393547058105469,2.3822555541992188,2,1108.6484375,8192.0,13.533306121826172,4,1.3800000000000012,0.0,1.3800000000000012,0.0
64,510,0.62,174.1927032470703,2.0,84.9,13.39410400390625,2.3816986083984375,3,1108.6484375,8192.0,13.533306121826172,5,1.3800000000000012,0.0,1.3800000000000012,0.0
64,511,0.62,174.51711678504944,11.2,84.9,13.393791198730469,2.3820114135742188,3,1108.1484375,8192.0,13.527202606201172,5,1.3800000000000012,0.0,1.3800000000000012,0.0
65,512,-7.38,174.93438148498535,19.0,84.9,13.391273498535156,2.3845291137695312,3,1108.1484375,8192.0,13.527202606201172,3,1.3800000000000012,0.0,1.3800000000000012,0.0
65,513,-1.38,175.26291680335999,11.7,84.9,13.39139175415039,2.384410858154297,2,1107.5234375,8192.0,13.519573211669922,0,1.3800000000000012,0.0,1.3800000000000012,0.0
65,514,-3.38,175.59085321426392,6.2,84.9,13.390033721923828,2.3857688903808594,0,1104.0234375,8192.0,13.476848602294922,5,1.3800000000000012,0.0,1.3800000000000012,0.0
65,515,-4.38,175.91994380950928,10.1,84.9,13.390625,2.3851776123046875,0,1102.2109375,8192.0,13.454723358154297,3,1.3800000000000012,0.0,1.3800000000000012,0.0
65,516,-1.38,176.24634289741516,5.8,84.9,13.390365600585938,2.38543701171875,1,1102.2109375,8192.0,13.454723358154297,1,1.3800000000000012,0.0,1.3800000000000012,0.0
65,517,0.62,176.57267141342163,13.2,84.9,13.391220092773438,2.38458251953125,0,1098.9609375,8192.0,13.415050506591797,3,1.3800000000000012,0.0,1.3800000000000012,0.0
66,518,-3.38,176.8990125656128,16.3,84.9,13.393688201904297,2.3821144104003906,0,1105.2109375,8192.0,13.491344451904297,2,1.3800000000000012,0.0,1.3800000000000012,0.0
66,519,-1.38,177.22706365585327,3.9,84.9,13.391700744628906,2.3841018676757812,0,1101.2109375,8192.0,13.442516326904297,4,1.3800000000000012,0.0,1.3800000000000012,0.0
66,520,2.62,177.55574440956116,27.7,84.9,13.39352035522461,2.382221221923828,2,1133.78125,8192.0,13.840103149414062,5,1.3800000000000012,0.0,1.3800000000000012,0.0
66,521,-1.38,177.8785719871521,21.6,85.0,13.402873992919922,2.3729286193847656,2,1146.71875,8192.0,13.998031616210938,1,1.3800000000000012,0.0,1.3800000000000012,0.0
66,522,3.62,178.2041416168213,8.8,84.9,13.40081787109375,2.3749847412109375,2,1164.40625,8192.0,14.213943481445312,1,1.3800000000000012,0.0,1.3800000000000012,0.0
66,523,0.62,178.5307183265686,30.3,84.9,13.390010833740234,2.385791778564453,1,1165.28125,8192.0,14.224624633789062,2,1.3800000000000012,0.0,1.3800000000000012,0.0
67,524,5.62,178.85481667518616,6.5,84.9,13.390823364257812,2.3849754333496094,1,1162.09375,8192.0,14.185714721679688,1,1.3800000000000012,0.0,1.3800000000000012,0.0
67,525,-3.38,179.1819190979004,7.1,84.9,13.39156723022461,2.384235382080078,0,1161.90625,8192.0,14.183425903320312,5,1.3800000000000012,0.0,1.3800000000000012,0.0
67,526,-3.38,179.50484585762024,9.7,84.9,13.39044189453125,2.3853607177734375,0,1161.90625,8192.0,14.183425903320312,5,1.3800000000000012,0.0,1.3800000000000012,0.0
67,527,-5.38,179.83183121681213,6.5,84.9,13.390094757080078,2.3857078552246094,0,1161.90625,8192.0,14.183425903320312,5,1.3800000000000012,0.0,1.3800000000000012,0.0
67,528,-5.38,180.1593644618988,9.3,84.8,13.384937286376953,2.3908653259277344,0,1160.53125,8192.0,14.166641235351562,5,1.3800000000000012,0.0,1.3800000000000012,0.0
68,529,-0.36,180.48614978790283,12.8,84.8,13.383781433105469,2.3920211791992188,0,1156.4609375,8192.0,14.116954803466797,4,1.3599999999999994,0.0,1.3599999999999994,0.0
68,530,1.64,180.81188678741455,20.6,84.8,13.383682250976562,2.392120361328125,0,1156.4609375,8192.0,14.116954803466797,3,1.3599999999999994,0.0,1.3599999999999994,0.0
68,531,-3.36,181.14190649986267,14.8,84.8,13.382232666015625,2.3935699462890625,1,1150.3984375,8192.0,14.042949676513672,4,1.3599999999999994,0.0,1.3599999999999994,0.0
68,532,-4.36,181.4668369293213,10.5,84.8,13.382003784179688,2.393798828125,1,1150.3984375,8192.0,14.042949676513672,2,1.3599999999999994,0.0,1.3599999999999994,0.0
68,533,-1.36,181.79536962509155,16.3,84.8,13.38232421875,2.3934783935546875,0,1150.3984375,8192.0,14.042949676513672,5,1.3599999999999994,0.0,1.3599999999999994,0.0
69,534,1.64,182.12370252609253,20.8,84.8,13.381057739257812,2.394744873046875,1,1150.3984375,8192.0,14.042949676513672,4,1.3599999999999994,0.0,1.3599999999999994,0.0
69,535,-1.36,182.45313024520874,21.1,84.8,13.377204895019531,2.3985977172851562,1,1150.3984375,8192.0,14.042949676513672,2,1.3599999999999994,0.0,1.3599999999999994,0.0
69,536,0.64,182.78092122077942,14.9,84.8,13.376617431640625,2.3991851806640625,0,1145.7109375,8192.0,13.985729217529297,5,1.3599999999999994,0.0,1.3599999999999994,0.0
69,537,-3.36,183.10463643074036,12.8,84.8,13.376026153564453,2.3997764587402344,1,1117.0859375,8192.0,13.636302947998047,5,1.3599999999999994,0.0,1.3599999999999994,0.0
69,538,-3.36,183.43566918373108,8.9,84.8,13.376094818115234,2.399707794189453,1,1107.7734375,8192.0,13.522624969482422,1,1.3599999999999994,0.0,1.3599999999999994,0.0
70,539,5.64,183.76586270332336,11.3,84.8,13.37685775756836,2.398944854736328,0,1097.9609375,8192.0,13.402843475341797,5,1.3599999999999994,0.0,1.3599999999999994,0.0
70,540,-3.36,184.09449744224548,18.3,84.8,13.3800048828125,2.3957977294921875,0,1095.9609375,8192.0,13.378429412841797,5,1.3599999999999994,0.0,1.3599999999999994,0.0
70,541,-4.36,184.42233729362488,11.9,84.8,13.380020141601562,2.395782470703125,0,1092.1484375,8192.0,13.331890106201172,3,1.3599999999999994,0.0,1.3599999999999994,0.0
70,542,-4.36,184.7510097026825,5.4,84.8,13.380203247070312,2.395599365234375,0,1105.4609375,8192.0,13.494396209716797,3,1.3599999999999994,0.0,1.3599999999999994,0.0
70,543,-2.38,185.07757472991943,9.0,84.8,13.383777618408203,2.3920249938964844,0,1105.4609375,8192.0,13.494396209716797,5,1.3800000000000012,0.0,1.3800000000000012,0.0
71,544,3.64,185.4049427509308,14.9,84.8,13.385047912597656,2.3907546997070312,0,1105.4609375,8192.0,13.494396209716797,5,1.3599999999999994,0.0,1.3599999999999994,0.0
